9.01.02,14034,402
9.01.03,14031,410
9.01.04,14031,431
9.01.05,14032,435
9.01.06,14033,432
9.01.07,14030,432
9.01.08,14032,427
9.01.09,14030,423
9.01.10,14029,420
9.01.11,14030,418
9.01.12,14029,425
9.01.13,14030,426
9.01.15,14031,420
9.01.16,14028,421
9.01.17,14029,423
9.01.18,14032,434
9.01.19,14034,435
9.01.20,14034,435
9.01.21,14033,430
9.01.22,14033,426
9.01.23,14034,426
9.01.24,14036,421
9.01.25,14036,429
9.01.26,14038,423
9.01.27,14037,417
9.01.28,14037,419
9.01.31,14036,401
9.01.32,14036,395
9.01.33,14037,393
9.01.34,14035,387
9.01.35,14035,383
9.01.36,14035,379
9.01.37,14034,376
9.01.39,14032,365
9.01.40,14033,370
9.01.41,14031,365
9.01.44,14032,347
9.01.45,14033,346
9.01.48,14033,328
9.01.49,14034,335
9.01.52,14033,322
9.01.56,14032,298
9.01.58,14031,286
9.02.00,14031,277
9.02.01,14030,273
9.02.02,14033,290
9.02.03,14037,288
9.02.04,14038,292
9.02.05,14040,293
9.02.06,14041,288
9.02.07,14041,292
9.02.08,14038,288
9.02.09,14038,283
9.02.10,14038,279
9.02.11,14039,277
9.02.12,14038,273
9.02.13,14040,276
9.02.14,14040,273
9.02.15,14040,272
9.02.16,14040,273
9.02.17,14043,279
9.02.18,14043,277
9.02.19,14043,274
9.02.20,14042,280
9.02.21,14045,278
9.02.22,14044,282
9.02.23,14044,280
9.02.25,14043,276
9.02.26,14043,272
9.02.28,14044,264
9.02.29,14043,261
9.02.31,14042,259
9.02.33,14042,257
9.02.35,14040,249
9.02.36,14040,246
9.02.37,14040,246
9.02.38,14041,243
9.02.41,14042,235
9.02.43,14041,229
9.02.44,14042,228
9.02.45,14043,227
9.02.46,14041,229
9.02.48,14041,222
9.02.50,14041,218
9.02.51,14041,228
9.02.56,14042,209
9.02.58,14043,208
9.02.59,14043,205
9.03.00,14044,212
9.03.01,14044,214
9.03.02,14039,219
9.03.03,14041,228
9.03.04,14041,224
9.03.05,14040,226
9.03.06,14041,226
9.03.07,14041,223
9.03.08,14040,220
9.03.09,14039,219
9.03.11,14038,213
9.03.12,14039,210
9.03.13,14040,208
9.03.14,14041,208
9.03.15,14040,206
9.03.16,14040,206
9.03.17,14040,205
9.03.18,14040,202
9.03.20,14041,198
9.03.23,14041,193
9.03.24,14042,192
9.03.25,14042,191
9.03.27,14043,187
9.03.28,14042,186
9.03.29,14042,185
9.03.31,14042,188
9.03.32,14041,188
9.03.34,14040,185
9.03.35,14041,187
9.03.36,14040,190
9.03.37,14039,191
9.03.38,14039,206
9.03.39,14041,204
9.03.41,14040,198
9.03.43,14041,194
9.03.44,14042,194
9.03.47,14042,188
9.03.48,14043,194
9.03.49,14044,192
9.03.50,14043,193
9.03.51,14045,193
9.03.52,14045,191
9.03.54,14046,186
9.03.55,14045,185
9.03.57,14044,186
9.03.58,14041,188
9.03.59,14040,189
9.04.01,14038,188
9.04.02,14037,194
9.04.03,14037,194
9.04.04,14035,194
9.04.05,14035,199
9.04.06,14032,203
9.04.07,14032,206
9.04.08,14033,210
9.04.11,14035,204
9.04.12,14038,202
9.04.14,14038,196
9.04.15,14039,197
9.04.16,14038,202
9.04.17,14039,201
9.04.20,14038,194
9.04.21,14039,195
9.04.23,14038,191
9.04.24,14040,203
9.04.25,14040,202
9.04.26,14040,208
9.04.27,14040,211
9.04.28,14041,210
9.04.29,14041,211
9.04.30,14041,213
9.04.33,14042,226
9.04.34,14044,231
9.04.35,14042,232
9.04.36,14040,231
9.04.37,14038,233
9.04.41,14036,223
9.04.42,14037,227
9.04.43,14036,226
9.04.44,14036,223
9.04.45,14037,223
9.04.46,14036,222
9.04.48,14036,217
9.04.50,14037,220
9.04.53,14033,224
9.04.54,14035,222
9.04.55,14036,220
9.04.56,14036,217
9.04.57,14036,215
9.04.59,14034,211
9.05.00,14035,215
9.05.01,14033,215
9.05.02,14032,215
9.05.03,14031,219
9.05.04,14031,219
9.05.05,14031,220
9.05.06,14035,223
9.05.07,14034,224
9.05.08,14036,229
9.05.09,14036,227
9.05.10,14037,226
9.05.11,14038,225
9.05.12,14037,230
9.05.13,14036,239
9.05.14,14036,240
9.05.15,14036,246
9.05.16,14039,243
9.05.17,14039,247
9.05.18,14039,245
9.05.20,14039,241
9.05.21,14040,239
9.05.22,14040,265
9.05.23,14037,264
9.05.24,14036,267
9.05.25,14037,271
9.05.26,14037,272
9.05.27,14037,271
9.05.28,14037,269
9.05.29,14037,276
9.05.30,14035,286
9.05.31,14035,283
9.05.32,14034,285
9.05.34,14033,278
9.05.35,14034,281
9.05.36,14035,278
9.05.37,14034,283
9.05.38,14031,283
9.05.39,14031,282
9.05.41,14032,276
9.05.42,14033,276
9.05.44,14033,282
9.05.45,14030,293
9.05.46,14030,292
9.05.47,14028,306
9.05.48,14028,305
9.05.50,14029,301
9.05.52,14032,300
9.05.55,14032,289
9.05.57,14031,283
9.05.59,14031,280
9.06.00,14030,281
9.06.01,14028,283
9.06.02,14029,284
9.06.03,14028,282
9.06.04,14028,281
9.06.05,14030,285
9.06.08,14031,273
9.06.09,14030,273
9.06.10,14031,271
9.06.11,14031,268
9.06.13,14032,261
9.06.14,14032,261
9.06.15,14031,258
9.06.16,14034,255
9.06.17,14033,253
9.06.20,14031,245
9.06.21,14032,242
9.06.22,14034,243
9.06.24,14035,235
9.06.25,14032,234
9.06.26,14031,232
9.06.27,14032,229
9.06.29,14033,231
9.06.31,14032,226
9.06.32,14032,225
9.06.33,14031,221
9.06.35,14031,216
9.06.38,14031,217
9.06.39,14030,218
9.06.42,14030,212
9.06.43,14030,211
9.06.45,14029,207
9.06.47,14029,201
9.06.48,14029,199
9.06.49,14030,198
9.06.50,14029,196
9.06.51,14030,195
9.06.52,14031,193
9.06.53,14030,204
9.06.54,14026,201
9.06.55,14024,230
9.06.56,14022,233
9.06.57,14024,237
9.06.58,14023,240
9.06.59,14023,243
9.07.00,14021,242
9.07.01,14020,259
9.07.02,14018,258
9.07.03,14018,260
9.07.04,14016,261
9.07.05,14015,272
9.07.06,14018,279
9.07.07,14017,291
9.07.09,14019,286
9.07.10,14018,285
9.07.11,14019,285
9.07.12,14021,288
9.07.13,14023,290
9.07.14,14022,288
9.07.16,14022,285
9.07.17,14020,284
9.07.20,14022,287
9.07.22,14021,283
9.07.23,14020,282
9.07.24,14020,279
9.07.26,14020,272
9.07.27,14020,272
9.07.28,14021,269
9.07.29,14021,266
9.07.30,14021,268
9.07.32,14021,262
9.07.33,14021,262
9.07.34,14021,261
9.07.36,14018,264
9.07.37,14019,262
9.07.38,14021,262
9.07.40,14021,255
9.07.42,14023,252
9.07.43,14026,250
9.07.45,14025,245
9.07.46,14024,247
9.07.48,14024,241
9.07.49,14024,240
9.07.50,14024,238
9.07.51,14023,236
9.07.52,14019,234
9.07.54,14020,230
9.07.55,14019,232
9.07.56,14018,232
9.07.58,14017,227
9.07.59,14015,224
9.08.00,14014,234
9.08.01,14016,237
9.08.02,14016,235
9.08.03,14015,235
9.08.04,14015,232
9.08.05,14014,234
9.08.06,14015,239
9.08.07,14012,242
9.08.08,14013,246
9.08.10,14011,240
9.08.11,14010,240
9.08.12,14009,242
9.08.13,14009,247
9.08.14,14007,246
9.08.15,14008,245
9.08.16,14007,243
9.08.17,14007,274
9.08.18,14007,279
9.08.19,14008,276
9.08.20,14008,274
9.08.22,14007,274
9.08.23,14006,275
9.08.24,14006,281
9.08.25,14006,278
9.08.26,14009,283
9.08.27,14008,279
9.08.28,14008,278
9.08.29,14009,277
9.08.30,14010,277
9.08.31,14009,275
9.08.32,14008,274
9.08.33,14009,273
9.08.34,14010,272
9.08.36,14011,265
9.08.37,14009,266
9.08.39,14011,272
9.08.40,14013,285
9.08.41,14014,290
9.08.42,14014,289
9.08.43,14014,292
9.08.44,14013,291
9.08.45,14012,288
9.08.46,14012,288
9.08.49,14011,275
9.08.50,14012,273
9.08.51,14011,269
9.08.53,14012,266
9.08.54,14011,266
9.08.55,14010,262
9.08.56,14010,259
9.08.57,14009,255
9.09.00,14008,245
9.09.01,14008,251
9.09.02,14007,248
9.09.03,14007,250
9.09.05,14007,245
9.09.06,14005,243
9.09.07,14005,240
9.09.08,14006,239
9.09.10,14005,235
9.09.11,14005,242
9.09.12,14005,241
9.09.13,14005,239
9.09.14,14004,237
9.09.16,14004,235
9.09.18,14003,241
9.09.19,14002,253
9.09.20,14004,253
9.09.21,14002,253
9.09.22,14002,252
9.09.23,14002,267
9.09.24,14001,268
9.09.25,14001,318
9.09.26,14000,316
9.09.27,14000,313
9.09.29,14000,306
9.09.30,13999,307
9.09.31,14000,309
9.09.32,14002,310
9.09.33,14002,311
9.09.34,14002,317
9.09.35,14002,321
9.09.36,14002,322
9.09.37,14002,319
9.09.38,14000,320
9.09.39,14000,316
9.09.40,14001,321
9.09.41,14003,319
9.09.42,14003,317
9.09.45,14006,331
9.09.46,14008,328
9.09.47,14007,327
9.09.50,14006,316
9.09.51,14005,313
9.09.52,14008,313
9.09.53,14008,310
9.09.54,14008,308
9.09.55,14008,304
9.09.56,14010,303
9.09.57,14009,300
9.09.58,14010,298
9.09.59,14010,294
9.10.00,14006,316
9.10.01,14008,314
9.10.02,14008,319
9.10.03,14006,315
9.10.05,14004,319
9.10.06,14004,316
9.10.07,14004,312
9.10.08,14004,309
9.10.09,14007,311
9.10.11,14007,306
9.10.12,14008,309
9.10.13,14007,307
9.10.14,14009,307
9.10.15,14008,313
9.10.16,14008,314
9.10.17,14007,310
9.10.18,14007,308
9.10.19,14008,307
9.10.20,14007,305
9.10.22,14008,298
9.10.23,14007,298
9.10.25,14008,294
9.10.26,14008,292
9.10.27,14009,292
9.10.28,14007,289
9.10.29,14007,293
9.10.30,14005,292
9.10.31,14005,290
9.10.32,14005,286
9.10.34,14003,283
9.10.35,14001,281
9.10.36,14003,288
9.10.37,14002,298
9.10.38,14004,295
9.10.39,14001,291
9.10.40,14002,295
9.10.41,14000,298
9.10.42,14001,298
9.10.44,14001,291
9.10.46,14000,283
9.10.47,14001,281
9.10.48,13999,288
9.10.49,13999,288
9.10.51,13998,283
9.10.52,13997,281
9.10.53,13996,280
9.10.54,13996,282
9.10.56,13996,278
9.10.57,13996,282
9.10.58,13997,283
9.10.59,13997,283
9.11.00,13997,281
9.11.01,13997,278
9.11.02,13997,274
9.11.03,13997,281
9.11.04,13998,281
9.11.05,13999,285
9.11.06,14000,288
9.11.07,13999,285
9.11.08,13999,283
9.11.09,13998,282
9.11.10,13998,281
9.11.11,13997,280
9.11.12,13998,276
9.11.13,13996,276
9.11.15,13997,272
9.11.17,13997,266
9.11.19,13998,263
9.11.20,13997,261
9.11.21,13997,260
9.11.24,13999,249
9.11.25,13997,244
9.11.26,13997,241
9.11.28,13997,238
9.11.29,13997,237
9.11.30,13997,234
9.11.31,13996,237
9.11.35,13997,224
9.11.37,13998,233
9.11.38,13998,231
9.11.39,13996,238
9.11.40,13997,247
9.11.41,13995,250
9.11.42,13996,249
9.11.45,13995,242
9.11.46,13994,247
9.11.47,13994,259
9.11.48,13995,258
9.11.49,13996,257
9.11.50,13995,254
9.11.51,13994,254
9.11.52,13995,260
9.11.53,13996,266
9.11.54,13998,268
9.11.56,13998,266
9.11.57,14002,286
9.11.58,14000,348
9.11.59,13999,347
9.12.00,13999,350
9.12.01,13997,346
9.12.02,13998,342
9.12.03,13997,338
9.12.04,13997,344
9.12.06,13997,338
9.12.07,13994,340
9.12.08,13994,344
9.12.09,13993,341
9.12.10,13994,349
9.12.11,13992,364
9.12.12,13989,395
9.12.13,13994,400
9.12.14,13995,402
9.12.15,13995,400
9.12.16,13996,408
9.12.17,13996,405
9.12.18,14000,407
9.12.19,14000,409
9.12.20,13999,407
9.12.21,14000,409
9.12.23,14000,403
9.12.25,13999,398
9.12.26,14000,395
9.12.27,13999,391
9.12.28,14000,393
9.12.29,13996,390
9.12.30,13998,396
9.12.32,13996,392
9.12.35,13994,380
9.12.36,13992,375
9.12.37,13992,370
9.12.38,13992,370
9.12.41,13992,363
9.12.42,13992,363
9.12.43,13996,362
9.12.44,13996,359
9.12.45,13996,355
9.12.46,13996,351
9.12.48,13996,349
9.12.51,13996,335
9.12.53,13997,328
9.12.54,13997,325
9.12.56,13998,318
9.12.58,13999,308
9.12.59,13999,306
9.13.00,14001,305
9.13.02,14001,300
9.13.03,14000,308
9.13.04,14000,310
9.13.05,14000,314
9.13.06,14003,326
9.13.07,14002,324
9.13.08,14001,324
9.13.09,14002,329
9.13.10,14000,326
9.13.11,13998,325
9.13.13,13999,318
9.13.14,13998,314
9.13.16,13997,308
9.13.17,14000,305
9.13.19,13998,296
9.13.21,14000,289
9.13.22,14002,296
9.13.24,14002,287
9.13.25,14002,285
9.13.26,14002,284
9.13.27,14002,290
9.13.28,14001,287
9.13.29,14001,284
9.13.31,14001,280
9.13.34,14002,272
9.13.36,14003,281
9.13.37,14005,278
9.13.38,14005,275
9.13.40,14005,267
9.13.41,14005,268
9.13.42,14006,285
9.13.43,14006,283
9.13.44,14006,283
9.13.47,14006,270
9.13.48,14003,270
9.13.49,14005,268
9.13.50,14004,267
9.13.51,14005,277
9.13.52,14001,276
9.13.54,14000,271
9.13.56,13998,267
9.13.57,13997,268
9.13.58,13998,261
9.13.59,13996,265
9.14.00,13997,268
9.14.01,13994,267
9.14.02,13995,279
9.14.03,13995,283
9.14.04,13995,282
9.14.05,13995,280
9.14.06,13998,293
9.14.07,13997,294
9.14.08,13998,290
9.14.09,13998,287
9.14.10,13998,283
9.14.11,13998,293
9.14.13,13998,286
9.14.14,13999,282
9.14.16,13998,275
9.14.17,13999,273
9.14.18,13997,279
9.14.19,13994,275
9.14.20,13994,282
9.14.21,13993,280
9.14.22,13992,285
9.14.23,13992,287
9.14.24,13994,284
9.14.26,13994,279
9.14.27,13996,286
9.14.28,13996,285
9.14.29,13996,285
9.14.30,13997,284
9.14.31,13997,282
9.14.32,13997,297
9.14.33,13995,298
9.14.36,13996,289
9.14.37,13995,286
9.14.39,13995,282
9.14.41,13995,280
9.14.43,13996,274
9.14.44,13995,272
9.14.45,13996,271
9.14.46,13995,276
9.14.47,13994,275
9.14.49,13993,280
9.14.50,13993,279
9.14.51,13993,280
9.14.53,13994,279
9.14.54,13993,280
9.14.58,13994,265
9.14.59,13995,261
9.15.00,13995,260
9.15.01,13993,261
9.15.02,13993,266
9.15.03,13993,265
9.15.04,13992,264
9.15.05,13991,269
9.15.07,13992,267
9.15.08,13993,266
9.15.09,13994,265
9.15.11,13995,272
9.15.12,13995,278
9.15.13,13998,279
9.15.15,13999,272
9.15.16,14002,277
9.15.17,14003,278
9.15.18,14004,280
9.15.19,14002,276
9.15.20,14002,278
9.15.21,14001,276
9.15.22,14004,275
9.15.23,14005,275
9.15.24,14005,276
9.15.25,14005,279
9.15.26,14008,303
9.15.27,14007,302
9.15.28,14007,300
9.15.29,14007,296
9.15.31,14007,299
9.15.32,14007,297
9.15.33,14008,303
9.15.34,14008,302
9.15.35,14010,326
9.15.36,14008,347
9.15.37,14010,350
9.15.38,14012,371
9.15.39,14009,372
9.15.40,14010,371
9.15.41,14010,369
9.15.42,14009,365
9.15.43,14007,371
9.15.44,14006,378
9.15.45,14005,380
9.15.47,14004,416
9.15.48,14002,426
9.15.49,14004,421
9.15.52,14004,405
9.15.53,14004,404
9.15.56,14004,389
9.15.58,14004,381
9.16.01,14003,372
9.16.02,14003,387
9.16.03,14003,383
9.16.04,14001,387
9.16.05,14001,384
9.16.06,14002,381
9.16.07,14005,379
9.16.09,14006,374
9.16.10,14004,381
9.16.11,14003,376
9.16.12,14003,375
9.16.13,14003,370
9.16.14,14004,371
9.16.16,14005,365
9.16.17,14005,362
9.16.18,14005,360
9.16.22,14005,341
9.16.23,14005,337
9.16.24,14005,334
9.16.25,14006,330
9.16.28,14006,316
9.16.29,14006,312
9.16.30,14004,308
9.16.31,14005,316
9.16.32,14002,314
9.16.33,14002,310
9.16.37,14001,301
9.16.40,14001,291
9.16.41,14000,287
9.16.42,14000,285
9.16.44,13999,277
9.16.45,13999,276
9.16.47,13999,267
9.16.48,13999,264
9.16.49,13999,260
9.16.50,14001,262
9.16.52,14002,253
9.16.53,14001,250
9.16.55,14001,245
9.16.56,14002,243
9.16.57,14003,242
9.16.58,14003,243
9.16.59,14002,245
9.17.00,14001,246
9.17.01,14000,242
9.17.02,14001,246
9.17.03,13999,245
9.17.04,13999,244
9.17.06,14001,239
9.17.07,14001,250
9.17.08,14003,248
9.17.09,14003,251
9.17.10,14002,253
9.17.11,14002,248
9.17.12,14000,263
9.17.14,14001,256
9.17.15,14001,254
9.17.16,14002,272
9.17.17,13999,276
9.17.18,13997,272
9.17.19,13999,284
9.17.20,13999,280
9.17.21,13998,276
9.17.22,13998,335
9.17.25,13997,323
9.17.27,13996,313
9.17.29,13994,308
9.17.30,13992,310
9.17.31,13992,311
9.17.32,13990,311
9.17.33,13991,308
9.17.34,13990,354
9.17.35,13987,367
9.17.36,13986,364
9.17.37,13987,362
9.17.38,13985,361
9.17.40,13986,354
9.17.41,13990,367
9.17.42,13990,364
9.17.43,13992,364
9.17.44,13993,361
9.17.45,13992,357
9.17.50,13991,343
9.17.51,13990,339
9.17.52,13991,344
9.17.53,13990,340
9.17.54,13992,339
9.17.56,13990,331
9.17.57,13987,328
9.17.58,13988,325
9.17.59,13987,323
9.18.00,13986,323
9.18.01,13985,328
9.18.02,13985,325
9.18.03,13985,360
9.18.04,13981,361
9.18.05,13982,359
9.18.07,13984,356
9.18.10,13983,347
9.18.11,13984,345
9.18.12,13985,343
9.18.13,13984,343
9.18.14,13985,340
9.18.15,13984,338
9.18.16,13985,339
9.18.17,13985,335
9.18.18,13986,333
9.18.19,13987,331
9.18.20,13988,328
9.18.21,13986,327
9.18.22,13986,324
9.18.23,13986,321
9.18.24,13988,318
9.18.25,13987,318
9.18.26,13987,317
9.18.28,13986,311
9.18.29,13987,310
9.18.30,13985,307
9.18.31,13987,302
9.18.32,13985,301
9.18.33,13985,297
9.18.34,13986,294
9.18.35,13984,298
9.18.37,13983,293
9.18.39,13985,285
9.18.40,13984,281
9.18.41,13983,280
9.18.42,13982,277
9.18.43,13982,276
9.18.44,13982,277
9.18.46,13983,273
9.18.47,13981,271
9.18.48,13982,270
9.18.49,13978,299
9.18.50,13976,299
9.18.52,13977,297
9.18.53,13978,293
9.18.54,13978,289
9.18.55,13979,295
9.18.56,13983,297
9.18.57,13982,293
9.18.58,13983,293
9.18.59,13983,289
9.19.00,13983,295
9.19.01,13983,298
9.19.02,13983,294
9.19.03,13984,293
9.19.04,13983,294
9.19.05,13981,304
9.19.06,13981,299
9.19.07,13980,307
9.19.08,13978,303
9.19.09,13978,304
9.19.10,13979,301
9.19.11,13979,300
9.19.12,13977,300
9.19.14,13978,295
9.19.15,13978,292
9.19.16,13978,290
9.19.17,13976,297
9.19.18,13978,295
9.19.19,13978,292
9.19.20,13977,298
9.19.21,13976,296
9.19.22,13977,297
9.19.23,13976,311
9.19.24,13978,312
9.19.26,13980,310
9.19.27,13978,309
9.19.28,13978,307
9.19.29,13978,306
9.19.30,13978,313
9.19.31,13977,309
9.19.32,13976,306
9.19.33,13976,304
9.19.35,13975,296
9.19.36,13974,306
9.19.37,13975,311
9.19.38,13978,322
9.19.39,13978,322
9.19.40,13980,339
9.19.42,13979,332
9.19.43,13981,330
9.19.44,13980,394
9.19.45,13978,392
9.19.46,13979,399
9.19.47,13979,395
9.19.48,13979,393
9.19.50,13978,388
9.19.51,13978,383
9.19.52,13979,383
9.19.53,13977,382
9.19.54,13975,382
9.19.57,13976,370
9.20.00,13975,360
9.20.01,13975,360
9.20.02,13977,357
9.20.03,13975,351
9.20.05,13975,348
9.20.07,13975,341
9.20.10,13975,331
9.20.11,13975,331
9.20.12,13975,331
9.20.13,13976,328
9.20.14,13976,331
9.20.15,13977,331
9.20.17,13977,342
9.20.19,13977,335
9.20.21,13977,333
9.20.22,13978,330
9.20.24,13978,327
9.20.25,13976,331
9.20.27,13976,324
9.20.28,13972,349
9.20.29,13974,348
9.20.31,13974,339
9.20.32,13975,338
9.20.34,13973,347
9.20.35,13974,343
9.20.37,13975,335
9.20.39,13974,326
9.20.40,13976,328
9.20.41,13976,330
9.20.42,13978,330
9.20.43,13978,328
9.20.45,13978,318
9.20.46,13978,317
9.20.47,13978,314
9.20.48,13979,313
9.20.49,13981,308
9.20.50,13977,308
9.20.51,13979,304
9.20.52,13979,301
9.20.53,13981,299
9.20.54,13983,298
9.20.55,13982,295
9.20.57,13981,286
9.20.58,13981,283
9.20.59,13980,280
9.21.01,13980,272
9.21.02,13981,271
9.21.03,13981,268
9.21.05,13980,268
9.21.06,13977,272
9.21.07,13978,272
9.21.08,13978,268
9.21.09,13980,265
9.21.10,13979,262
9.21.12,13979,257
9.21.13,13980,255
9.21.14,13980,251
9.21.15,13981,247
9.21.16,13982,246
9.21.17,13985,251
9.21.18,13985,264
9.21.19,13987,267
9.21.20,13988,266
9.21.21,13988,264
9.21.22,13988,266
9.21.23,13989,266
9.21.24,13989,265
9.21.25,13989,263
9.21.26,13990,260
9.21.27,13991,260
9.21.28,13991,264
9.21.29,13993,263
9.21.30,13991,274
9.21.31,13991,289
9.21.32,13989,294
9.21.33,13990,290
9.21.34,13989,290
9.21.35,13989,302
9.21.37,13987,298
9.21.38,13987,301
9.21.39,13987,298
9.21.40,13985,299
9.21.41,13985,304
9.21.42,13986,310
9.21.43,13988,315
9.21.44,13989,311
9.21.45,13990,309
9.21.48,13991,310
9.21.49,13993,307
9.21.50,13992,327
9.21.52,13992,320
9.21.53,13991,317
9.21.54,13992,316
9.21.56,13993,308
9.21.59,13992,299
9.22.01,13993,297
9.22.02,13993,300
9.22.03,13992,298
9.22.05,13990,293
9.22.06,13990,295
9.22.07,13990,295
9.22.08,13989,292
9.22.10,13989,287
9.22.11,13988,289
9.22.15,13988,272
9.22.16,13989,272
9.22.18,13988,265
9.22.20,13986,262
9.22.21,13988,260
9.22.24,13987,249
9.22.25,13986,247
9.22.26,13988,247
9.22.29,13988,238
9.22.30,13986,242
9.22.35,13988,239
9.22.37,13990,238
9.22.39,13991,231
9.22.40,13991,233
9.22.41,13992,230
9.22.42,13992,227
9.22.47,13993,215
9.22.49,13991,211
9.22.51,13990,212
9.22.53,13990,206
9.22.55,13988,200
9.22.56,13987,200
9.22.57,13989,197
9.22.58,13988,196
9.22.59,13989,195
9.23.00,13990,193
9.23.01,13989,192
9.23.02,13988,193
9.23.03,13987,192
9.23.04,13987,190
9.23.05,13986,187
9.23.06,13990,207
9.23.07,13991,225
9.23.08,13990,227
9.23.09,13989,228
9.23.10,13990,225
9.23.12,13991,222
9.23.15,13988,215
9.23.17,13989,214
9.23.18,13990,211
9.23.19,13990,208
9.23.20,13992,207
9.23.22,13991,201
9.23.25,13991,192
9.23.26,13990,209
9.23.27,13993,212
9.23.28,13994,209
9.23.29,13993,207
9.23.30,13993,206
9.23.31,13994,209
9.23.32,13994,206
9.23.33,13994,204
9.23.35,13994,199
9.23.36,13996,197
9.23.37,13995,195
9.23.38,13997,196
9.23.39,13996,195
9.23.40,13997,197
9.23.41,13998,208
9.23.42,13999,208
9.23.44,13998,214
9.23.45,14000,224
9.23.46,14001,224
9.23.47,14002,240
9.23.49,14003,261
9.23.50,14001,262
9.23.51,14000,264
9.23.52,14001,270
9.23.54,14002,266
9.23.55,14000,272
9.23.56,14000,271
9.23.57,14002,272
9.23.58,14002,271
9.23.59,14003,269
9.24.00,14004,272
9.24.01,14003,271
9.24.02,14003,271
9.24.03,14003,268
9.24.04,14001,278
9.24.05,14002,279
9.24.06,14004,281
9.24.07,14002,279
9.24.08,14003,279
9.24.09,14004,284
9.24.10,14006,282
9.24.11,14004,280
9.24.12,14006,283
9.24.13,14007,283
9.24.15,14007,281
9.24.16,14007,284
9.24.17,14007,284
9.24.19,14008,281
9.24.20,14007,285
9.24.21,14008,287
9.24.22,14009,293
9.24.23,14008,291
9.24.24,14007,313
9.24.25,14006,319
9.24.26,14006,319
9.24.27,14000,345
9.24.28,14002,352
9.24.29,14002,355
9.24.30,14006,435
9.24.31,14005,447
9.24.32,14003,446
9.24.33,14004,442
9.24.34,14004,438
9.24.36,14005,430
9.24.39,14006,419
9.24.40,14006,414
9.24.41,14005,412
9.24.43,14005,405
9.24.45,14007,397
9.24.46,14006,394
9.24.48,14005,386
9.24.49,14004,382
9.24.51,14006,374
9.24.52,14005,372
9.24.53,14005,369
9.24.55,14006,360
9.24.56,14007,357
9.24.57,14006,354
9.24.58,14006,349
9.25.00,14005,340
9.25.01,14003,341
9.25.02,14003,347
9.25.03,14004,343
9.25.04,14003,341
9.25.05,14002,341
9.25.06,14000,341
9.25.08,14002,333
9.25.09,14006,349
9.25.10,14006,345
9.25.11,14006,348
9.25.12,14004,354
9.25.14,14005,346
9.25.15,14003,345
9.25.16,14009,344
9.25.17,14009,342
9.25.18,14008,342
9.25.19,14010,344
9.25.22,14008,333
9.25.23,14007,342
9.25.24,14009,338
9.25.25,14013,345
9.25.26,14012,346
9.25.27,14012,341
9.25.29,14014,335
9.25.30,14013,332
9.25.31,14014,339
9.25.32,14011,342
9.25.33,14011,338
9.25.34,14010,334
9.25.36,14012,326
9.25.37,14011,325
9.25.39,14010,316
9.25.41,14010,306
9.25.42,14009,304
9.25.43,14010,311
9.25.44,14010,310
9.25.46,14010,303
9.25.49,14010,294
9.25.50,14010,294
9.25.51,14009,290
9.25.52,14007,287
9.25.54,14007,278
9.25.55,14007,276
9.25.57,14005,267
9.25.59,14006,265
9.26.00,14007,261
9.26.01,14006,257
9.26.02,14006,265
9.26.04,14005,256
9.26.05,14006,257
9.26.06,14005,261
9.26.07,14003,259
9.26.09,14003,251
9.26.10,14004,249
9.26.11,14006,252
9.26.13,14005,246
9.26.15,14007,239
9.26.18,14007,226
9.26.19,14008,223
9.26.20,14010,219
9.26.21,14010,217
9.26.22,14010,214
9.26.24,14010,210
9.26.25,14009,212
9.26.26,14010,209
9.26.29,14010,197
9.26.30,14010,193
9.26.31,14011,192
9.26.32,14012,190
9.26.33,14012,188
9.26.34,14012,187
9.26.35,14013,188
9.26.36,14014,192
9.26.37,14012,190
9.26.38,14011,197
9.26.39,14012,198
9.26.40,14012,199
9.26.41,14013,199
9.26.43,14014,204
9.26.45,14010,216
9.26.46,14011,234
9.26.47,14011,238
9.26.49,14011,235
9.26.50,14008,233
9.26.51,14008,232
9.26.52,14007,230
9.26.53,14008,228
9.26.54,14007,226
9.26.55,14007,226
9.26.56,14009,235
9.26.57,14010,232
9.26.58,14011,232
9.27.00,14011,229
9.27.01,14012,227
9.27.03,14011,222
9.27.05,14010,216
9.27.06,14010,221
9.27.08,14011,227
9.27.10,14013,221
9.27.11,14013,218
9.27.12,14014,222
9.27.13,14014,224
9.27.14,14014,224
9.27.15,14015,227
9.27.17,14015,221
9.27.18,14016,219
9.27.19,14015,216
9.27.21,14015,212
9.27.22,14016,216
9.27.24,14015,224
9.27.25,14015,222
9.27.27,14013,220
9.27.28,14015,220
9.27.30,14016,216
9.27.32,14016,211
9.27.33,14016,209
9.27.34,14015,207
9.27.38,14015,199
9.27.40,14015,201
9.27.42,14013,200
9.27.43,14011,202
9.27.44,14010,204
9.27.45,14010,209
9.27.46,14010,211
9.27.49,14010,204
9.27.54,14008,192
9.27.56,14009,194
9.27.57,14010,193
9.28.01,14009,183
9.28.02,14007,185
9.28.03,14008,185
9.28.04,14008,183
9.28.05,14008,198
9.28.06,14009,196
9.28.07,14010,194
9.28.09,14009,189
9.28.10,14010,188
9.28.12,14011,183
9.28.14,14010,179
9.28.15,14010,179
9.28.16,14009,177
9.28.17,14009,178
9.28.18,14008,176
9.28.19,14008,174
9.28.20,14008,173
9.28.22,14007,168
9.28.24,14006,168
9.28.25,14006,177
9.28.26,14005,176
9.28.30,14008,180
9.28.31,14006,178
9.28.32,14007,180
9.28.33,14007,179
9.28.34,14008,178
9.28.36,14007,172
9.28.37,14007,170
9.28.38,14007,170
9.28.39,14007,167
9.28.40,14007,165
9.28.41,14007,165
9.28.42,14008,170
9.28.44,14009,173
9.28.45,14009,180
9.28.47,14007,175
9.28.49,14007,173
9.28.50,14006,173
9.28.51,14007,174
9.28.53,14007,170
9.28.54,14007,169
9.28.55,14007,168
9.28.56,14007,165
9.28.57,14007,167
9.29.02,14007,160
9.29.03,14005,168
9.29.04,14004,175
9.29.05,14006,173
9.29.07,14006,177
9.29.08,14004,176
9.29.09,14003,180
9.29.10,14005,183
9.29.11,14003,182
9.29.12,14002,185
9.29.13,14001,186
9.29.14,14001,186
9.29.15,14002,186
9.29.16,14002,194
9.29.18,14006,203
9.29.19,14008,204
9.29.20,14009,208
9.29.21,14010,207
9.29.22,14009,205
9.29.23,14008,254
9.29.24,14010,253
9.29.26,14010,250
9.29.27,14008,251
9.29.29,14008,246
9.29.30,14009,249
9.29.31,14007,251
9.29.33,14006,248
9.29.34,14006,246
9.29.35,14007,244
9.29.38,14005,235
9.29.42,14006,227
9.29.43,14005,232
9.29.44,14002,231
9.29.45,14002,229
9.29.47,14003,224
9.29.51,14003,216
9.29.55,14002,205
9.29.56,14002,208
9.29.58,14001,204
9.30.00,14001,200
9.30.01,14002,200
9.30.02,14002,219
9.30.03,14001,241
9.30.05,13999,239
9.30.06,13997,237
9.30.07,13996,238
9.30.08,13998,241
9.30.09,13997,244
9.30.10,13997,246
9.30.11,13997,243
9.30.12,13997,247
9.30.16,13995,241
9.30.17,13995,243
9.30.18,13994,241
9.30.20,13994,238
9.30.22,13994,235
9.30.23,13994,234
9.30.24,13993,232
9.30.25,13993,246
9.30.26,13992,248
9.30.27,13991,249
9.30.28,13993,254
9.30.29,13993,254
9.30.30,13993,251
9.30.31,13995,255
9.30.32,13996,253
9.30.33,13997,274
9.30.34,13997,272
9.30.35,13997,273
9.30.36,13998,279
9.30.37,13998,277
9.30.38,13999,276
9.30.39,13996,293
9.30.40,13994,301
9.30.41,13993,305
9.30.42,13996,304
9.30.43,13996,303
9.30.44,13993,349
9.30.45,13994,345
9.30.46,13992,344
9.30.47,13992,340
9.30.48,13992,338
9.30.49,13992,337
9.30.50,13993,343
9.30.51,13993,342
9.30.52,13992,338
9.30.53,13993,337
9.30.54,13993,333
9.30.56,13993,325
9.30.57,13994,324
9.30.58,13994,321
9.31.00,13994,317
9.31.01,13994,314
9.31.02,13993,314
9.31.03,13993,312
9.31.04,13994,308
9.31.08,13993,291
9.31.09,13992,288
9.31.12,13992,275
9.31.13,13993,276
9.31.15,13992,269
9.31.16,13991,271
9.31.17,13991,267
9.31.19,13992,259
9.31.20,13992,261
9.31.21,13992,259
9.31.22,13993,257
9.31.23,13994,253
9.31.25,13996,252
9.31.27,13995,245
9.31.28,13996,242
9.31.31,13995,236
9.31.35,13994,223
9.31.36,13994,222
9.31.37,13992,221
9.31.38,13991,219
9.31.40,13992,213
9.31.42,13992,210
9.31.43,13991,208
9.31.44,13992,208
9.31.45,13990,208
9.31.46,13991,205
9.31.47,13991,203
9.31.48,13991,204
9.31.50,13991,203
9.31.51,13991,201
9.31.53,13991,198
9.31.54,13990,196
9.31.55,13988,197
9.31.56,13987,194
9.31.57,13986,196
9.31.58,13986,196
9.31.59,13986,204
9.32.00,13986,201
9.32.01,13984,206
9.32.02,13985,203
9.32.03,13985,202
9.32.04,13984,206
9.32.05,13982,209
9.32.06,13982,215
9.32.07,13982,217
9.32.09,13980,235
9.32.10,13979,234
9.32.11,13978,232
9.32.12,13978,230
9.32.13,13979,228
9.32.14,13977,229
9.32.15,13977,238
9.32.16,13978,234
9.32.17,13978,241
9.32.18,13976,246
9.32.19,13973,244
9.32.20,13974,261
9.32.23,13975,253
9.32.24,13972,266
9.32.26,13974,257
9.32.27,13975,257
9.32.28,13974,257
9.32.29,13973,255
9.32.30,13975,272
9.32.31,13976,289
9.32.32,13975,286
9.32.34,13974,282
9.32.35,13973,279
9.32.37,13972,275
9.32.38,13971,288
9.32.39,13971,315
9.32.40,13969,320
9.32.41,13968,320
9.32.42,13968,329
9.32.43,13967,326
9.32.44,13967,334
9.32.45,13970,345
9.32.47,13969,349
9.32.48,13968,346
9.32.49,13969,345
9.32.50,13967,360
9.32.51,13968,362
9.32.52,13968,360
9.32.53,13968,366
9.32.54,13966,363
9.32.55,13966,366
9.32.56,13966,363
9.32.57,13966,366
9.32.58,13964,365
9.32.59,13962,372
9.33.00,13964,379
9.33.01,13964,386
9.33.02,13968,392
9.33.03,13967,392
9.33.04,13967,390
9.33.05,13969,391
9.33.06,13970,391
9.33.07,13970,392
9.33.08,13968,394
9.33.09,13967,405
9.33.10,13966,402
9.33.11,13966,408
9.33.12,13963,408
9.33.13,13963,408
9.33.14,13963,408
9.33.17,13962,393
9.33.18,13962,393
9.33.19,13963,396
9.33.20,13963,393
9.33.21,13963,390
9.33.22,13965,390
9.33.23,13966,385
9.33.24,13966,388
9.33.25,13966,411
9.33.26,13967,407
9.33.27,13966,404
9.33.28,13966,400
9.33.29,13967,398
9.33.30,13967,401
9.33.31,13967,397
9.33.32,13965,396
9.33.33,13965,397
9.33.34,13963,398
9.33.35,13964,396
9.33.37,13963,392
9.33.38,13963,388
9.33.39,13962,385
9.33.41,13963,375
9.33.43,13962,365
9.33.44,13962,360
9.33.45,13963,360
9.33.46,13964,357
9.33.47,13963,355
9.33.48,13964,353
9.33.49,13963,354
9.33.50,13962,363
9.33.51,13961,365
9.33.52,13961,366
9.33.53,13961,379
9.33.54,13963,375
9.33.55,13963,375
9.33.57,13962,364
9.33.58,13962,360
9.33.59,13962,363
9.34.00,13962,364
9.34.01,13959,371
9.34.02,13958,373
9.34.03,13960,370
9.34.04,13959,369
9.34.05,13961,364
9.34.06,13961,360
9.34.07,13962,367
9.34.09,13962,356
9.34.10,13962,353
9.34.11,13961,358
9.34.12,13962,356
9.34.13,13962,353
9.34.15,13962,352
9.34.16,13961,348
9.34.18,13961,337
9.34.19,13960,343
9.34.20,13961,337
9.34.21,13960,334
9.34.22,13961,331
9.34.23,13960,336
9.34.24,13962,334
9.34.25,13961,331
9.34.26,13961,327
9.34.27,13961,331
9.34.29,13960,323
9.34.30,13959,319
9.34.31,13960,316
9.34.32,13959,333
9.34.33,13957,334
9.34.34,13955,333
9.34.35,13956,330
9.34.38,13956,331
9.34.39,13955,357
9.34.40,13954,352
9.34.41,13954,348
9.34.42,13953,345
9.34.43,13953,341
9.34.44,13954,339
9.34.45,13953,334
9.34.46,13951,339
9.34.47,13951,348
9.34.48,13951,346
9.34.49,13952,346
9.34.50,13952,345
9.34.52,13952,337
9.34.53,13953,352
9.34.54,13952,349
9.34.55,13952,350
9.34.56,13954,358
9.34.57,13954,360
9.34.58,13955,357
9.34.59,13955,359
9.35.00,13955,357
9.35.01,13954,355
9.35.02,13953,421
9.35.03,13957,423
9.35.04,13957,420
9.35.05,13957,417
9.35.06,13958,415
9.35.07,13957,420
9.35.08,13957,415
9.35.10,13958,411
9.35.11,13957,408
9.35.12,13958,407
9.35.13,13955,408
9.35.14,13954,414
9.35.15,13954,410
9.35.17,13954,401
9.35.21,13954,380
9.35.22,13954,388
9.35.23,13954,385
9.35.24,13955,380
9.35.25,13955,380
9.35.28,13955,369
9.35.30,13954,359
9.35.31,13954,355
9.35.32,13955,351
9.35.33,13953,351
9.35.34,13953,349
9.35.36,13952,356
9.35.38,13953,352
9.35.39,13953,347
9.35.41,13951,371
9.35.43,13949,375
9.35.44,13948,379
9.35.45,13948,376
9.35.46,13949,371
9.35.47,13949,377
9.35.48,13950,375
9.35.49,13951,373
9.35.50,13952,377
9.35.51,13952,374
9.35.52,13952,370
9.35.54,13954,383
9.35.55,13955,380
9.35.57,13953,373
9.35.58,13954,369
9.35.59,13952,373
9.36.00,13952,368
9.36.02,13954,361
9.36.03,13952,365
9.36.05,13952,356
9.36.06,13952,359
9.36.07,13951,355
9.36.08,13951,353
9.36.09,13952,352
9.36.11,13951,343
9.36.12,13952,338
9.36.13,13952,334
9.36.14,13952,330
9.36.16,13951,336
9.36.17,13950,332
9.36.19,13949,324
9.36.20,13950,321
9.36.21,13951,326
9.36.22,13951,321
9.36.23,13951,320
9.36.24,13951,320
9.36.25,13952,316
9.36.26,13955,336
9.36.27,13956,345
9.36.28,13959,356
9.36.29,13958,376
9.36.30,13960,382
9.36.31,13960,383
9.36.32,13957,384
9.36.33,13956,381
9.36.34,13958,388
9.36.35,13959,386
9.36.36,13959,382
9.36.37,13958,380
9.36.38,13959,376
9.36.39,13958,375
9.36.40,13957,371
9.36.42,13958,368
9.36.43,13955,365
9.36.44,13955,362
9.36.45,13956,359
9.36.46,13956,355
9.36.47,13955,351
9.36.48,13955,347
9.36.49,13955,344
9.36.50,13957,343
9.36.51,13956,344
9.36.52,13955,347
9.36.53,13956,344
9.36.54,13956,339
9.36.55,13955,334
9.36.56,13956,332
9.36.57,13956,328
9.36.58,13957,333
9.36.59,13956,333
9.37.00,13956,329
9.37.01,13954,329
9.37.02,13954,332
9.37.03,13953,329
9.37.04,13953,327
9.37.07,13952,320
9.37.08,13951,321
9.37.09,13951,318
9.37.10,13951,314
9.37.11,13953,321
9.37.12,13953,319
9.37.13,13953,315
9.37.15,13953,307
9.37.16,13954,303
9.37.17,13954,300
9.37.18,13954,299
9.37.20,13955,293
9.37.21,13955,295
9.37.24,13955,285
9.37.25,13954,281
9.37.26,13955,287
9.37.27,13955,285
9.37.28,13954,289
9.37.29,13956,285
9.37.30,13955,282
9.37.33,13955,273
9.37.34,13955,286
9.37.36,13957,278
9.37.38,13957,270
9.37.39,13958,271
9.37.40,13959,270
9.37.41,13960,268
9.37.42,13962,268
9.37.43,13962,278
9.37.44,13963,279
9.37.45,13967,281
9.37.46,13965,279
9.37.47,13965,276
9.37.48,13964,277
9.37.49,13964,275
9.37.50,13964,273
9.37.51,13964,269
9.37.52,13965,268
9.37.53,13965,284
9.37.55,13964,275
9.37.56,13964,273
9.37.57,13964,271
9.37.58,13963,268
9.37.59,13965,266
9.38.00,13965,264
9.38.01,13968,267
9.38.02,13969,265
9.38.03,13967,269
9.38.04,13967,271
9.38.05,13966,268
9.38.06,13965,288
9.38.07,13967,291
9.38.09,13967,293
9.38.10,13968,293
9.38.11,13966,289
9.38.13,13966,281
9.38.17,13968,263
9.38.18,13967,265
9.38.19,13966,261
9.38.21,13966,255
9.38.22,13967,252
9.38.23,13969,252
9.38.24,13969,257
9.38.26,13967,254
9.38.27,13967,252
9.38.28,13967,257
9.38.31,13969,256
9.38.32,13971,252
9.38.33,13970,251
9.38.34,13971,247
9.38.35,13970,257
9.38.36,13970,256
9.38.37,13970,253
9.38.40,13970,246
9.38.41,13971,243
9.38.42,13971,243
9.38.43,13971,241
9.38.44,13971,245
9.38.45,13971,246
9.38.47,13970,250
9.38.48,13970,248
9.38.49,13970,250
9.38.50,13969,250
9.38.52,13968,248
9.38.53,13969,248
9.38.54,13969,253
9.38.56,13969,248
9.38.59,13969,250
9.39.00,13968,248
9.39.01,13968,245
9.39.02,13966,250
9.39.03,13964,250
9.39.04,13964,254
9.39.05,13964,254
9.39.06,13965,261
9.39.07,13964,258
9.39.08,13964,257
9.39.09,13964,254
9.39.10,13964,254
9.39.12,13963,249
9.39.14,13960,250
9.39.15,13961,257
9.39.16,13963,262
9.39.17,13962,263
9.39.18,13963,260
9.39.19,13964,270
9.39.20,13964,274
9.39.21,13964,272
9.39.22,13964,269
9.39.23,13964,269
9.39.24,13964,267
9.39.25,13965,264
9.39.26,13964,262
9.39.30,13965,248
9.39.31,13967,253
9.39.33,13968,248
9.39.35,13968,241
9.39.38,13969,230
9.39.39,13967,231
9.39.41,13969,240
9.39.42,13971,237
9.39.44,13971,231
9.39.45,13970,229
9.39.46,13970,230
9.39.49,13970,220
9.39.52,13971,212
9.39.53,13971,209
9.39.55,13971,210
9.39.56,13970,207
9.39.58,13970,202
9.39.59,13970,200
9.40.00,13970,199
9.40.01,13970,200
9.40.04,13968,192
9.40.06,13968,185
9.40.07,13969,185
9.40.08,13969,183
9.40.09,13967,190
9.40.10,13963,196
9.40.11,13963,193
9.40.13,13963,192
9.40.15,13964,189
9.40.16,13964,191
9.40.17,13966,191
9.40.20,13966,185
9.40.22,13969,188
9.40.24,13968,182
9.40.25,13970,180
9.40.27,13970,178
9.40.29,13970,174
9.40.30,13969,172
9.40.35,13969,159
9.40.36,13970,158
9.40.37,13971,163
9.40.40,13972,155
9.40.41,13972,154
9.40.47,13971,138
9.40.48,13970,141
9.40.50,13970,137
9.40.51,13970,137
9.40.52,13971,135
9.40.54,13971,132
9.40.55,13970,130
9.40.56,13970,129
9.40.58,13970,125
9.40.59,13969,124
9.41.00,13970,122
9.41.01,13970,121
9.41.02,13970,121
9.41.03,13971,123
9.41.04,13970,124
9.41.05,13971,122
9.41.06,13971,122
9.41.07,13971,123
9.41.08,13971,122
9.41.10,13972,123
9.41.11,13970,138
9.41.12,13971,136
9.41.13,13971,136
9.41.14,13971,138
9.41.15,13972,136
9.41.18,13972,134
9.41.20,13973,140
9.41.21,13974,141
9.41.22,13975,147
9.41.23,13976,150
9.41.24,13976,154
9.41.25,13977,156
9.41.26,13979,163
9.41.27,13979,163
9.41.28,13979,167
9.41.30,13978,167
9.41.31,13978,167
9.41.32,13978,167
9.41.33,13979,170
9.41.34,13979,170
9.41.35,13978,169
9.41.36,13979,171
9.41.37,13980,171
9.41.38,13980,172
9.41.39,13982,196
9.41.40,13979,196
9.41.42,13981,201
9.41.44,13982,198
9.41.45,13982,208
9.41.47,13982,219
9.41.48,13983,231
9.41.50,13983,236
9.41.51,13984,243
9.41.52,13985,243
9.41.53,13985,241
9.41.54,13984,250
9.41.55,13984,268
9.41.56,13985,267
9.41.57,13986,269
9.41.58,13984,277
9.41.59,13985,274
9.42.00,13986,277
9.42.01,13986,277
9.42.02,13986,279
9.42.03,13986,278
9.42.04,13985,285
9.42.05,13985,288
9.42.06,13984,296
9.42.07,13983,301
9.42.08,13982,333
9.42.09,13978,344
9.42.10,13980,345
9.42.11,13980,345
9.42.13,13981,341
9.42.14,13978,410
9.42.15,13977,409
9.42.17,13979,407
9.42.18,13979,407
9.42.19,13980,404
9.42.20,13979,404
9.42.21,13978,409
9.42.22,13980,419
9.42.24,13980,413
9.42.25,13981,409
9.42.26,13982,406
9.42.27,13984,406
9.42.29,13983,401
9.42.30,13983,397
9.42.31,13984,394
9.42.32,13984,392
9.42.33,13985,393
9.42.34,13984,389
9.42.37,13984,378
9.42.38,13984,376
9.42.39,13985,374
9.42.40,13985,373
9.42.44,13985,363
9.42.45,13984,369
9.42.52,13984,337
9.42.53,13985,333
9.42.55,13984,324
9.42.56,13984,321
9.42.57,13986,318
9.42.59,13985,309
9.43.00,13985,305
9.43.03,13984,292
9.43.04,13982,295
9.43.05,13983,293
9.43.12,13985,259
9.43.17,13985,238
9.43.24,13984,206
9.43.26,13982,202
9.43.32,13983,177
9.43.34,13984,169
9.43.36,13984,164
9.43.37,13985,161
9.43.38,13985,159
9.43.40,13986,153
9.43.42,13986,146
9.43.43,13987,148
9.43.44,13987,146
9.43.45,13989,147
9.43.46,13989,144
9.43.47,13989,141
9.43.49,13989,136
9.43.50,13989,144
9.43.52,13987,137
9.43.54,13985,136
9.43.55,13983,134
9.44.00,13983,121
9.44.01,13981,124
9.44.02,13981,121
9.44.03,13981,122
9.44.04,13980,124
9.44.06,13979,118
9.44.07,13978,116
9.44.08,13977,112
9.44.09,13976,113
9.44.10,13976,113
9.44.12,13975,132
9.44.13,13974,140
9.44.14,13973,140
9.44.15,13972,144
9.44.16,13972,143
9.44.18,13972,141
9.44.22,13975,147
9.44.27,13976,138
9.44.28,13976,138
9.44.29,13974,140
9.44.31,13975,137
9.44.33,13975,139
9.44.34,13976,138
9.44.36,13977,137
9.44.40,13976,130
9.44.42,13975,128
9.44.43,13976,129
9.44.44,13976,128
9.44.49,13978,130
9.44.54,13977,123
9.44.58,13975,117
9.44.59,13974,116
9.45.00,13974,131
9.45.01,13972,133
9.45.02,13969,158
9.45.04,13969,154
9.45.05,13970,155
9.45.06,13968,158
9.45.07,13971,172
9.45.08,13973,174
9.45.09,13974,176
9.45.10,13975,175
9.45.11,13976,185
9.45.12,13977,189
9.45.13,13977,190
9.45.14,13977,191
9.45.15,13977,192
9.45.17,13977,192
9.45.18,13976,190
9.45.20,13976,187
9.45.23,13974,183
9.45.24,13974,182
9.45.27,13975,176
9.45.32,13974,166
9.45.33,13973,167
9.45.37,13974,158
9.45.42,13975,147
9.45.43,13975,149
9.45.46,13974,147
9.45.47,13971,145
9.45.51,13973,137
9.45.52,13974,136
9.45.55,13973,132
9.45.57,13975,129
9.45.59,13975,126
9.46.01,13976,126
9.46.02,13976,126
9.46.03,13975,124
9.46.04,13975,123
9.46.05,13975,123
9.46.13,13975,105
9.46.17,13976,104
9.46.19,13975,105
9.46.20,13977,104
9.46.21,13977,105
9.46.22,13978,104
9.46.23,13979,103
9.46.24,13979,111
9.46.25,13981,114
9.46.26,13982,117
9.46.27,13982,118
9.46.28,13982,117
9.46.29,13982,121
9.46.30,13985,141
9.46.31,13983,141
9.46.32,13984,140
9.46.35,13984,134
9.46.36,13986,134
9.46.37,13986,135
9.46.38,13986,135
9.46.40,13986,147
9.46.41,13985,148
9.46.42,13984,149
9.46.43,13984,151
9.46.46,13984,145
9.46.48,13984,142
9.46.49,13983,142
9.46.53,13983,138
9.46.57,13982,130
9.46.58,13983,130
9.47.00,13984,126
9.47.02,13984,124
9.47.04,13986,155
9.47.05,13984,153
9.47.10,13983,145
9.47.11,13981,143
9.47.12,13981,147
9.47.13,13979,152
9.47.15,13980,149
9.47.17,13982,148
9.47.19,13981,145
9.47.21,13982,149
9.47.24,13982,153
9.47.28,13983,146
9.47.29,13983,145
9.47.32,13982,140
9.47.33,13984,140
9.47.36,13984,136
9.47.38,13983,133
9.47.41,13983,130
9.47.44,13983,126
9.47.45,13981,128
9.47.47,13982,140
9.47.48,13977,141
9.47.49,13977,140
9.47.53,13977,132
9.47.55,13976,129
9.47.56,13977,128
9.48.00,13976,121
9.48.01,13974,121
9.48.02,13974,120
9.48.03,13974,119
9.48.04,13973,119
9.48.05,13973,120
9.48.07,13973,117
9.48.08,13973,117
9.48.09,13975,126
9.48.15,13974,114
9.48.17,13973,112
9.48.18,13973,111
9.48.19,13973,109
9.48.21,13974,106
9.48.23,13972,103
9.48.25,13974,99
9.48.26,13973,98
9.48.27,13972,97
9.48.29,13971,94
9.48.30,13973,92
9.48.32,13972,90
9.48.33,13972,91
9.48.34,13971,91
9.48.35,13972,90
9.48.36,13971,89
9.48.42,13970,83
9.48.44,13968,82
9.48.46,13970,80
9.48.49,13970,85
9.48.50,13971,84
9.48.51,13972,88
9.48.53,13973,89
9.48.55,13974,88
9.48.57,13973,85
9.49.01,13973,80
9.49.05,13971,76
9.49.07,13969,80
9.49.09,13970,79
9.49.12,13971,76
9.49.13,13972,78
9.49.14,13970,77
9.49.16,13971,77
9.49.21,13970,79
9.49.24,13973,88
9.49.27,13971,89
9.49.31,13970,86
9.49.33,13970,87
9.49.34,13968,91
9.49.35,13970,91
9.49.37,13969,91
9.49.38,13970,90
9.49.40,13971,91
9.49.41,13971,93
9.49.43,13971,93
9.49.45,13971,96
9.49.46,13972,96
9.49.47,13972,97
9.49.48,13973,97
9.49.49,13973,96
9.49.50,13973,100
9.49.51,13972,113
9.49.52,13971,113
9.49.54,13972,111
9.49.55,13972,115
9.49.56,13973,115
9.49.57,13972,121
9.49.58,13972,123
9.49.59,13972,125
9.50.00,13972,128
9.50.01,13972,132
9.50.03,13974,131
9.50.04,13975,143
9.50.05,13973,154
9.50.06,13971,161
9.50.07,13969,161
9.50.08,13971,164
9.50.09,13970,193
9.50.11,13970,194
9.50.12,13968,195
9.50.13,13968,196
9.50.15,13968,193
9.50.16,13968,201
9.50.17,13969,201
9.50.19,13968,209
9.50.20,13970,209
9.50.21,13970,208
9.50.23,13971,206
9.50.24,13972,204
9.50.25,13971,203
9.50.26,13973,202
9.50.27,13972,200
9.50.29,13971,196
9.50.33,13972,188
9.50.44,13972,164
9.50.45,13973,164
9.50.46,13973,163
9.50.47,13974,161
9.50.48,13974,161
9.50.53,13974,155
9.50.54,13976,159
9.50.55,13975,157
9.50.56,13976,156
9.50.58,13975,153
9.50.59,13975,154
9.51.00,13974,157
9.51.01,13974,158
9.51.04,13972,154
9.51.05,13972,157
9.51.06,13975,168
9.51.08,13975,164
9.51.09,13974,162
9.51.11,13975,165
9.51.14,13975,160
9.51.15,13974,158
9.51.16,13974,159
9.51.20,13973,150
9.51.21,13973,149
9.51.22,13973,152
9.51.23,13973,153
9.51.24,13973,157
9.51.26,13972,153
9.51.30,13971,144
9.51.33,13970,138
9.51.34,13969,141
9.51.36,13970,147
9.51.37,13970,145
9.51.42,13970,134
9.51.43,13969,132
9.51.45,13969,129
9.51.47,13969,129
9.51.48,13968,128
9.51.49,13968,126
9.51.51,13967,123
9.51.52,13971,160
9.51.53,13972,158
9.51.54,13974,157
9.51.56,13974,154
9.51.57,13976,153
9.52.00,13976,213
9.52.01,13980,218
9.52.02,13980,224
9.52.03,13981,225
9.52.04,13981,234
9.52.05,13981,232
9.52.06,13982,248
9.52.09,13981,241
9.52.10,13980,239
9.52.11,13981,238
9.52.14,13981,231
9.52.15,13981,231
9.52.16,13980,230
9.52.17,13979,228
9.52.20,13979,223
9.52.21,13978,224
9.52.24,13979,217
9.52.25,13980,216
9.52.28,13978,210
9.52.31,13977,204
9.52.38,13975,187
9.52.40,13973,185
9.52.45,13973,172
9.52.47,13973,173
9.52.51,13976,164
9.52.54,13977,156
9.52.56,13977,153
9.52.57,13978,151
9.52.59,13978,147
9.53.00,13978,145
9.53.01,13979,144
9.53.04,13979,142
9.53.08,13980,134
9.53.09,13980,134
9.53.11,13981,141
9.53.13,13980,138
9.53.14,13981,139
9.53.15,13981,137
9.53.18,13981,135
9.53.19,13980,133
9.53.20,13982,133
9.53.21,13983,182
9.53.22,13980,180
9.53.24,13979,180
9.53.25,13978,178
9.53.26,13977,177
9.53.27,13979,175
9.53.29,13980,170
9.53.30,13979,175
9.53.31,13980,174
9.53.32,13980,172
9.53.33,13980,171
9.53.37,13982,170
9.53.38,13982,170
9.53.39,13983,169
9.53.40,13983,167
9.53.41,13983,166
9.53.42,13984,166
9.53.45,13986,159
9.53.46,13986,157
9.53.52,13986,140
9.53.53,13986,139
9.53.54,13985,137
9.53.56,13985,133
9.54.00,13983,121
9.54.02,13984,120
9.54.04,13984,116
9.54.05,13986,157
9.54.08,13985,151
9.54.09,13986,153
9.54.10,13988,154
9.54.11,13987,154
9.54.12,13987,153
9.54.13,13988,153
9.54.14,13986,152
9.54.18,13986,146
9.54.19,13985,146
9.54.23,13986,140
9.54.25,13984,138
9.54.26,13984,138
9.54.27,13983,143
9.54.28,13981,143
9.54.29,13983,142
9.54.30,13983,146
9.54.31,13984,145
9.54.32,13984,150
9.54.33,13984,168
9.54.34,13985,167
9.54.35,13985,165
9.54.39,13984,158
9.54.41,13984,154
9.54.46,13983,145
9.54.48,13984,144
9.54.50,13984,145
9.54.51,13985,144
9.54.52,13986,145
9.54.53,13987,143
9.54.55,13988,141
9.54.56,13987,144
9.54.57,13988,143
9.55.00,13988,138
9.55.01,13987,139
9.55.02,13988,137
9.55.05,13988,132
9.55.08,13987,126
9.55.14,13986,113
9.55.15,13984,113
9.55.16,13984,114
9.55.24,13983,101
9.55.30,13985,92
9.55.33,13986,94
9.55.35,13982,94
9.55.39,13982,89
9.55.40,13981,88
9.55.41,13981,89
9.55.43,13980,89
9.55.46,13982,85
9.55.49,13982,87
9.55.50,13980,90
9.55.52,13979,89
9.55.54,13978,88
9.55.59,13978,82
9.56.01,13977,80
9.56.02,13976,80
9.56.03,13975,80
9.56.04,13974,82
9.56.06,13974,83
9.56.11,13975,78
9.56.12,13974,80
9.56.13,13976,80
9.56.17,13975,76
9.56.20,13974,74
9.56.26,13973,72
9.56.33,13974,64
9.56.34,13972,64
9.56.35,13972,65
9.56.36,13973,67
9.56.37,13973,67
9.56.38,13974,67
9.56.40,13975,69
9.56.44,13976,68
9.56.47,13975,67
9.56.49,13974,65
9.56.53,13974,62
9.56.55,13974,62
9.57.01,13975,58
9.57.04,13975,57
9.57.06,13976,62
9.57.08,13975,62
9.57.12,13975,60
9.57.13,13974,61
9.57.15,13975,61
9.57.16,13976,61
9.57.17,13976,61
9.57.18,13976,64
9.57.20,13976,64
9.57.21,13976,64
9.57.23,13975,67
9.57.24,13974,66
9.57.25,13975,66
9.57.26,13974,67
9.57.29,13974,66
9.57.32,13976,64
9.57.36,13974,61
9.57.37,13974,61
9.57.38,13972,64
9.57.40,13972,71
9.57.41,13970,71
9.57.43,13971,70
9.57.47,13971,80
9.57.48,13969,81
9.57.49,13969,80
9.57.50,13967,81
9.57.52,13967,82
9.57.53,13967,83
9.57.54,13968,89
9.57.56,13969,112
9.57.57,13969,113
9.58.03,13968,110
9.58.04,13963,132
9.58.05,13961,133
9.58.06,13961,134
9.58.07,13961,133
9.58.08,13964,138
9.58.09,13964,156
9.58.10,13968,158
9.58.11,13969,159
9.58.12,13968,159
9.58.13,13967,158
9.58.14,13966,161
9.58.18,13968,156
9.58.20,13968,153
9.58.21,13969,153
9.58.25,13968,152
9.58.28,13970,148
9.58.30,13970,152
9.58.32,13971,149
9.58.35,13972,147
9.58.38,13970,142
9.58.41,13970,138
9.58.45,13971,134
9.58.46,13968,133
9.58.49,13968,129
9.58.50,13966,128
9.58.52,13967,125
9.58.56,13967,119
9.58.57,13965,120
9.58.58,13967,119
9.59.03,13968,111
9.59.04,13969,110
9.59.05,13969,113
9.59.06,13967,112
9.59.07,13966,111
9.59.08,13967,110
9.59.09,13967,110
9.59.11,13966,108
9.59.14,13967,103
9.59.15,13963,111
9.59.18,13962,106
9.59.21,13963,102
9.59.22,13964,101
9.59.24,13963,100
9.59.25,13964,100
9.59.27,13964,97
9.59.28,13965,96
9.59.29,13966,95
9.59.30,13965,94
9.59.33,13966,91
9.59.38,13966,83
9.59.39,13964,82
9.59.41,13965,82
9.59.49,13967,68
9.59.51,13967,67
9.59.52,13968,66
9.59.54,13966,64
9.59.58,13964,60
9.59.59,13963,60
10.00.00,13963,59
10.00.01,13962,61
10.00.02,13961,71
10.00.03,13959,82
10.00.05,13958,83
10.00.06,13959,83
10.00.07,13959,83
10.00.11,13958,81
10.00.12,13960,86
10.00.13,13959,94
10.00.15,13959,102
10.00.17,13958,114
10.00.19,13960,112
10.00.22,13961,114
10.00.23,13961,115
10.00.25,13961,113
10.00.28,13960,119
10.00.29,13958,119
10.00.30,13959,119
10.00.32,13960,118
10.00.35,13961,116
10.00.39,13961,113
10.00.40,13961,119
10.00.43,13962,118
10.00.44,13962,119
10.00.50,13963,115
10.00.51,13962,115
10.00.53,13961,115
10.00.57,13961,113
10.00.58,13961,113
10.01.00,13960,113
10.01.01,13959,114
10.01.02,13958,114
10.01.03,13958,115
10.01.06,13958,117
10.01.07,13959,120
10.01.09,13958,120
10.01.11,13959,118
10.01.12,13959,118
10.01.14,13960,115
10.01.15,13961,115
10.01.17,13960,113
10.01.22,13959,107
10.01.26,13958,106
10.01.27,13958,106
10.01.28,13957,106
10.01.29,13957,111
10.01.30,13956,123
10.01.31,13958,133
10.01.33,13958,132
10.01.34,13958,132
10.01.35,13957,131
10.01.36,13957,130
10.01.38,13958,128
10.01.39,13956,127
10.01.42,13957,122
10.01.43,13957,124
10.01.45,13958,129
10.01.47,13957,131
10.01.48,13957,132
10.01.49,13957,131
10.01.50,13957,134
10.01.53,13958,129
10.01.55,13957,131
10.01.56,13956,133
10.01.58,13956,133
10.02.00,13956,130
10.02.01,13957,128
10.02.02,13956,128
10.02.03,13956,126
10.02.04,13957,126
10.02.06,13957,124
10.02.11,13956,115
10.02.12,13957,114
10.02.13,13956,113
10.02.15,13956,109
10.02.18,13956,127
10.02.19,13954,126
10.02.20,13955,131
10.02.22,13954,134
10.02.23,13954,141
10.02.27,13953,136
10.02.28,13952,141
10.02.29,13951,148
10.02.31,13953,152
10.02.34,13952,157
10.02.35,13950,160
10.02.37,13950,158
10.02.38,13949,158
10.02.39,13948,162
10.02.40,13947,189
10.02.41,13948,199
10.02.43,13946,197
10.02.44,13948,198
10.02.45,13949,197
10.02.46,13949,196
10.02.49,13949,189
10.02.51,13946,203
10.02.53,13949,210
10.02.55,13946,207
10.02.56,13946,216
10.02.57,13946,220
10.02.58,13946,225
10.03.00,13950,229
10.03.01,13948,227
10.03.03,13948,225
10.03.04,13948,224
10.03.05,13949,224
10.03.06,13950,226
10.03.07,13951,224
10.03.09,13952,220
10.03.11,13952,215
10.03.13,13952,213
10.03.14,13952,212
10.03.15,13952,210
10.03.17,13954,205
10.03.18,13952,208
10.03.20,13952,204
10.03.22,13952,199
10.03.25,13951,191
10.03.27,13953,187
10.03.30,13956,180
10.03.32,13956,177
10.03.33,13956,175
10.03.34,13956,176
10.03.36,13956,174
10.03.37,13957,172
10.03.39,13955,172
10.03.43,13953,162
10.03.45,13952,161
10.03.52,13953,143
10.03.59,13955,130
10.04.02,13955,133
10.04.03,13953,133
10.04.06,13953,126
10.04.07,13952,125
10.04.10,13951,119
10.04.11,13952,117
10.04.12,13953,119
10.04.13,13953,117
10.04.14,13952,116
10.04.15,13951,122
10.04.17,13952,120
10.04.19,13953,115
10.04.20,13954,113
10.04.21,13957,114
10.04.22,13955,112
10.04.23,13957,111
10.04.24,13956,113
10.04.25,13958,112
10.04.26,13958,112
10.04.28,13958,109
10.04.30,13956,110
10.04.32,13956,106
10.04.33,13954,105
10.04.36,13953,107
10.04.37,13953,109
10.04.38,13953,107
10.04.39,13953,112
10.04.41,13953,107
10.04.43,13953,105
10.04.46,13953,100
10.04.53,13954,90
10.04.54,13951,96
10.04.55,13950,97
10.04.58,13950,99
10.05.01,13952,99
10.05.02,13950,99
10.05.03,13952,98
10.05.04,13950,102
10.05.06,13951,100
10.05.07,13949,99
10.05.08,13948,101
10.05.09,13947,103
10.05.10,13947,103
10.05.11,13948,124
10.05.12,13945,128
10.05.13,13947,127
10.05.16,13948,124
10.05.17,13949,126
10.05.22,13948,118
10.05.23,13946,120
10.05.25,13947,118
10.05.26,13946,117
10.05.27,13948,130
10.05.29,13950,135
10.05.30,13952,135
10.05.33,13952,134
10.05.34,13952,134
10.05.35,13951,133
10.05.38,13951,130
10.05.46,13950,123
10.05.48,13948,121
10.05.49,13949,121
10.05.50,13949,123
10.05.55,13949,115
10.05.56,13946,125
10.05.57,13945,124
10.05.58,13946,124
10.05.59,13945,132
10.06.00,13946,134
10.06.01,13946,133
10.06.03,13945,130
10.06.04,13945,137
10.06.05,13944,137
10.06.07,13943,146
10.06.08,13942,151
10.06.09,13943,157
10.06.10,13945,168
10.06.11,13946,166
10.06.12,13946,166
10.06.14,13946,163
10.06.15,13947,164
10.06.16,13947,162
10.06.18,13948,162
10.06.19,13949,164
10.06.20,13948,162
10.06.21,13949,161
10.06.23,13949,158
10.06.24,13948,158
10.06.25,13947,157
10.06.26,13946,156
10.06.30,13947,149
10.06.35,13947,141
10.06.36,13947,143
10.06.38,13948,140
10.06.41,13947,134
10.06.42,13946,147
10.06.44,13946,144
10.06.46,13947,141
10.06.47,13946,141
10.06.49,13946,139
10.06.51,13945,140
10.06.52,13946,139
10.06.54,13945,136
10.06.56,13946,133
10.06.58,13945,129
10.06.59,13945,131
10.07.03,13947,123
10.07.05,13948,128
10.07.06,13949,128
10.07.07,13949,131
10.07.08,13950,133
10.07.09,13948,155
10.07.11,13950,153
10.07.13,13949,152
10.07.14,13950,152
10.07.15,13951,154
10.07.17,13950,153
10.07.19,13950,151
10.07.20,13951,153
10.07.22,13952,154
10.07.23,13952,153
10.07.25,13951,150
10.07.31,13951,137
10.07.32,13951,138
10.07.40,13951,124
10.07.41,13950,123
10.07.45,13950,119
10.07.52,13950,114
10.07.55,13949,114
10.07.57,13948,113
10.07.58,13948,116
10.07.59,13947,120
10.08.00,13946,119
10.08.01,13947,119
10.08.04,13947,115
10.08.05,13948,117
10.08.06,13948,116
10.08.07,13949,118
10.08.09,13950,115
10.08.11,13950,113
10.08.12,13952,112
10.08.15,13953,108
10.08.16,13951,107
10.08.18,13951,113
10.08.19,13951,112
10.08.20,13951,118
10.08.24,13951,114
10.08.25,13949,116
10.08.32,13949,107
10.08.41,13953,96
10.08.43,13952,93
10.08.44,13953,102
10.08.45,13955,102
10.08.46,13955,101
10.08.47,13953,128
10.08.49,13956,126
10.08.50,13954,129
10.08.51,13956,130
10.08.52,13956,135
10.08.53,13957,135
10.08.55,13957,132
10.08.56,13956,135
10.08.57,13955,135
10.08.58,13955,142
10.08.59,13956,143
10.09.00,13957,142
10.09.01,13957,141
10.09.02,13958,150
10.09.03,13958,151
10.09.04,13957,150
10.09.05,13957,151
10.09.06,13958,151
10.09.07,13959,154
10.09.08,13958,152
10.09.11,13957,146
10.09.12,13957,145
10.09.13,13957,144
10.09.14,13957,147
10.09.19,13958,143
10.09.21,13958,140
10.09.22,13961,143
10.09.23,13961,142
10.09.24,13961,148
10.09.25,13960,148
10.09.28,13960,144
10.09.30,13961,151
10.09.31,13963,152
10.09.32,13963,159
10.09.33,13965,164
10.09.35,13965,167
10.09.36,13966,168
10.09.37,13966,168
10.09.40,13965,164
10.09.41,13965,166
10.09.42,13966,178
10.09.43,13966,178
10.09.48,13965,172
10.09.50,13966,172
10.09.52,13966,177
10.09.55,13964,172
10.09.57,13963,186
10.09.59,13963,184
10.10.01,13962,182
10.10.03,13964,180
10.10.04,13964,180
10.10.10,13965,167
10.10.15,13966,159
10.10.16,13966,158
10.10.20,13967,148
10.10.22,13967,146
10.10.24,13967,143
10.10.26,13967,148
10.10.30,13966,143
10.10.31,13966,142
10.10.32,13966,140
10.10.33,13965,140
10.10.35,13964,151
10.10.36,13963,151
10.10.38,13963,148
10.10.40,13964,145
10.10.41,13964,143
10.10.43,13964,140
10.10.44,13964,138
10.10.45,13965,136
10.10.46,13964,136
10.10.49,13965,129
10.10.51,13965,127
10.10.54,13965,122
10.10.59,13966,111
10.11.00,13967,110
10.11.01,13967,112
10.11.02,13968,111
10.11.03,13968,111
10.11.04,13965,111
10.11.05,13965,113
10.11.14,13964,96
10.11.17,13965,93
10.11.19,13964,94
10.11.21,13965,91
10.11.23,13965,88
10.11.24,13966,87
10.11.25,13964,86
10.11.29,13963,81
10.11.32,13964,76
10.11.33,13965,75
10.11.39,13964,68
10.11.40,13965,67
10.11.41,13965,67
10.11.42,13967,69
10.11.43,13967,69
10.11.44,13968,71
10.11.50,13968,78
10.11.51,13970,77
10.11.52,13969,78
10.11.54,13970,79
10.11.58,13969,75
10.12.00,13969,73
10.12.01,13970,76
10.12.04,13969,73
10.12.05,13969,78
10.12.07,13970,78
10.12.08,13970,78
10.12.09,13970,78
10.12.10,13971,80
10.12.11,13970,81
10.12.12,13971,81
10.12.13,13970,108
10.12.14,13970,108
10.12.21,13971,100
10.12.22,13969,109
10.12.26,13970,107
10.12.32,13972,99
10.12.36,13971,97
10.12.37,13973,97
10.12.39,13972,98
10.12.41,13973,97
10.12.42,13972,100
10.12.44,13971,101
10.12.47,13971,99
10.12.48,13971,100
10.12.49,13970,104
10.12.51,13969,102
10.12.53,13969,100
10.12.56,13969,98
10.13.01,13969,103
10.13.02,13969,105
10.13.03,13970,106
10.13.04,13970,106
10.13.07,13969,102
10.13.09,13969,104
10.13.10,13970,104
10.13.11,13969,104
10.13.13,13970,102
10.13.14,13968,101
10.13.17,13969,98
10.13.22,13970,95
10.13.24,13971,93
10.13.27,13970,91
10.13.29,13970,94
10.13.33,13972,89
10.13.34,13970,95
10.13.36,13971,94
10.13.42,13970,86
10.13.43,13970,89
10.13.44,13971,88
10.13.47,13972,89
10.13.51,13971,85
10.13.54,13972,82
10.13.58,13972,80
10.14.04,13973,73
10.14.08,13972,71
10.14.10,13972,72
10.14.14,13972,67
10.14.23,13972,58
10.14.31,13973,52
10.14.33,13973,64
10.14.34,13976,65
10.14.40,13975,60
10.14.42,13974,59
10.14.47,13974,54
10.14.53,13974,51
10.14.57,13974,48
10.14.58,13974,48
10.14.59,13973,48
10.15.00,13972,50
10.15.01,13970,55
10.15.03,13970,57
10.15.04,13970,57
10.15.12,13971,60
10.15.14,13971,59
10.15.15,13970,62
10.15.16,13971,62
10.15.19,13971,61
10.15.21,13970,68
10.15.24,13971,67
10.15.25,13969,77
10.15.27,13969,75
10.15.28,13969,77
10.15.29,13969,77
10.15.30,13969,82
10.15.32,13969,84
10.15.33,13969,85
10.15.39,13969,83
10.15.41,13971,87
10.15.42,13972,87
10.15.43,13972,87
10.15.46,13971,87
10.15.52,13971,85
10.15.54,13968,86
10.15.55,13968,86
10.15.58,13967,84
10.15.59,13968,89
10.16.01,13967,89
10.16.03,13968,90
10.16.06,13968,87
10.16.11,13967,86
10.16.13,13968,85
10.16.14,13966,87
10.16.16,13967,88
10.16.17,13968,92
10.16.19,13967,91
10.16.23,13968,88
10.16.26,13967,85
10.16.29,13966,103
10.16.37,13968,93
10.16.38,13968,92
10.16.46,13968,83
10.16.48,13968,87
10.16.52,13968,84
10.16.54,13965,96
10.16.56,13966,94
10.16.58,13966,94
10.17.02,13966,89
10.17.03,13965,88
10.17.05,13965,86
10.17.07,13966,85
10.17.08,13965,95
10.17.09,13964,96
10.17.11,13964,94
10.17.12,13963,93
10.17.15,13962,93
10.17.16,13962,102
10.17.17,13960,104
10.17.20,13958,101
10.17.21,13958,103
10.17.23,13958,101
10.17.25,13957,98
10.17.26,13958,102
10.17.27,13957,106
10.17.28,13958,106
10.17.30,13958,107
10.17.34,13958,102
10.17.35,13958,106
10.17.36,13960,105
10.17.39,13960,105
10.17.42,13962,102
10.17.47,13959,104
10.17.48,13959,104
10.17.50,13959,102
10.17.51,13960,108
10.17.56,13960,102
10.17.58,13960,100
10.18.02,13961,96
10.18.04,13959,95
10.18.06,13961,108
10.18.07,13963,111
10.18.09,13964,111
10.18.10,13965,114
10.18.12,13966,113
10.18.15,13964,109
10.18.18,13963,105
10.18.20,13965,103
10.18.24,13965,98
10.18.28,13965,93
10.18.32,13964,90
10.18.35,13963,87
10.18.36,13962,87
10.18.37,13965,87
10.18.41,13965,87
10.18.42,13967,88
10.18.48,13966,80
10.18.52,13965,75
10.18.56,13964,70
10.18.58,13963,69
10.19.00,13965,67
10.19.04,13966,64
10.19.06,13965,64
10.19.10,13964,59
10.19.14,13964,57
10.19.18,13963,55
10.19.22,13962,52
10.19.23,13963,52
10.19.28,13964,48
10.19.29,13963,48
10.19.30,13963,48
10.19.39,13962,41
10.19.42,13964,39
10.19.43,13965,39
10.19.44,13964,39
10.19.45,13964,40
10.19.47,13964,38
10.19.50,13966,42
10.19.53,13966,40
10.20.00,13966,36
10.20.01,13965,36
10.20.02,13967,42
10.20.03,13969,42
10.20.04,13969,43
10.20.06,13967,42
10.20.08,13967,42
10.20.09,13967,43
10.20.10,13967,44
10.20.11,13968,45
10.20.12,13967,45
10.20.14,13968,45
10.20.15,13969,45
10.20.16,13968,46
10.20.17,13969,47
10.20.18,13967,53
10.20.20,13970,54
10.20.21,13969,54
10.20.24,13969,55
10.20.27,13970,54
10.20.32,13968,51
10.20.34,13970,53
10.20.39,13972,52
10.20.43,13972,50
10.20.45,13972,54
10.20.46,13972,54
10.20.50,13972,52
10.20.51,13973,52
10.20.53,13972,53
10.20.54,13972,53
10.20.55,13972,55
10.20.59,13972,55
10.21.01,13971,54
10.21.04,13971,53
10.21.08,13972,53
10.21.09,13973,54
10.21.10,13974,55
10.21.13,13975,55
10.21.14,13977,64
10.21.18,13978,66
10.21.21,13976,67
10.21.24,13975,66
10.21.25,13974,68
10.21.27,13974,68
10.21.28,13976,68
10.21.31,13976,66
10.21.34,13977,65
10.21.38,13974,62
10.21.40,13974,62
10.21.41,13975,62
10.21.42,13973,71
10.21.48,13972,68
10.21.50,13971,67
10.21.51,13971,67
10.21.53,13970,67
10.21.55,13971,72
10.21.56,13969,78
10.21.57,13971,100
10.21.58,13972,102
10.22.02,13972,98
10.22.03,13971,102
10.22.06,13974,100
10.22.07,13974,102
10.22.08,13972,105
10.22.09,13971,104
10.22.11,13972,103
10.22.12,13972,108
10.22.13,13972,108
10.22.14,13974,108
10.22.23,13972,98
10.22.25,13971,100
10.22.26,13971,100
10.22.30,13970,97
10.22.31,13965,132
10.22.32,13965,131
10.22.33,13965,135
10.22.34,13964,138
10.22.35,13960,141
10.22.36,13960,143
10.22.38,13961,164
10.22.39,13961,164
10.22.40,13960,163
10.22.41,13960,186
10.22.42,13959,185
10.22.43,13961,184
10.22.48,13960,179
10.22.49,13963,180
10.22.52,13963,178
10.22.54,13964,174
10.22.56,13963,173
10.22.57,13963,173
10.23.00,13964,167
10.23.02,13962,166
10.23.03,13959,168
10.23.04,13959,170
10.23.06,13959,169
10.23.12,13959,158
10.23.19,13958,144
10.23.20,13957,144
10.23.22,13956,140
10.23.24,13956,137
10.23.25,13957,137
10.23.26,13955,138
10.23.28,13955,144
10.23.34,13955,146
10.23.36,13956,150
10.23.39,13957,144
10.23.40,13957,146
10.23.42,13959,155
10.23.47,13960,147
10.23.48,13959,147
10.23.49,13959,148
10.23.51,13959,144
10.23.56,13960,133
10.23.58,13961,131
10.23.59,13962,129
10.24.05,13962,119
10.24.07,13962,115
10.24.10,13961,119
10.24.12,13960,130
10.24.13,13961,131
10.24.28,13960,100
10.24.29,13959,99
10.24.51,13960,61
10.24.53,13961,60
10.24.54,13962,65
10.24.58,13962,62
10.25.01,13963,64
10.25.02,13963,64
10.25.03,13965,65
10.25.04,13965,68
10.25.05,13966,67
10.25.07,13965,66
10.25.09,13966,68
10.25.11,13964,66
10.25.12,13963,67
10.25.13,13963,67
10.25.14,13962,67
10.25.16,13963,65
10.25.19,13961,65
10.25.25,13960,61
10.25.26,13960,63
10.25.31,13960,61
10.25.32,13960,61
10.25.35,13960,58
10.25.38,13961,56
10.25.42,13961,54
10.25.43,13958,56
10.25.46,13957,58
10.25.49,13957,56
10.25.50,13956,56
10.25.51,13956,59
10.25.52,13956,88
10.25.53,13954,88
10.25.54,13956,90
10.25.56,13956,95
10.25.57,13954,95
10.25.58,13956,96
10.25.59,13956,96
10.26.03,13956,96
10.26.04,13957,101
10.26.06,13957,100
10.26.10,13957,95
10.26.15,13959,90
10.26.20,13958,138
10.26.21,13955,149
10.26.22,13957,149
10.26.26,13956,147
10.26.28,13957,145
10.26.29,13959,146
10.26.30,13959,163
10.26.31,13962,165
10.26.32,13962,166
10.26.33,13960,170
10.26.37,13958,164
10.26.38,13957,188
10.26.40,13959,189
10.26.45,13958,180
10.26.47,13957,181
10.26.52,13958,173
10.26.55,13958,167
10.27.01,13959,155
10.27.02,13957,154
10.27.07,13959,146
10.27.09,13957,195
10.27.10,13960,194
10.27.13,13961,195
10.27.20,13959,180
10.27.21,13961,181
10.27.22,13960,180
10.27.23,13961,179
10.27.24,13962,186
10.27.25,13960,184
10.27.31,13960,173
10.27.33,13962,168
10.27.36,13963,162
10.27.37,13963,165
10.27.38,13964,165
10.27.41,13965,160
10.27.42,13967,159
10.27.43,13967,158
10.27.45,13967,154
10.27.46,13969,153
10.27.48,13969,149
10.27.50,13968,145
10.27.57,13966,130
10.27.58,13967,128
10.28.04,13968,116
10.28.08,13967,110
10.28.09,13968,110
10.28.12,13969,105
10.28.13,13971,107
10.28.20,13972,89
10.28.21,13970,88
10.28.22,13971,91
10.28.28,13971,81
10.28.32,13970,77
10.28.34,13972,75
10.28.35,13972,75
10.28.36,13973,74
10.28.37,13972,75
10.28.39,13974,72
10.28.40,13974,71
10.28.43,13974,68
10.28.44,13972,68
10.28.45,13973,73
10.28.46,13975,73
10.28.47,13976,73
10.28.48,13977,73
10.28.49,13975,73
10.28.50,13974,74
10.28.54,13975,69
10.28.56,13975,69
10.28.58,13976,72
10.29.00,13978,70
10.29.01,13978,76
10.29.02,13977,78
10.29.04,13977,77
10.29.07,13978,79
10.29.09,13977,78
10.29.13,13977,78
10.29.15,13978,77
10.29.20,13977,72
10.29.23,13976,71
10.29.24,13977,75
10.29.31,13975,73
10.29.32,13971,82
10.29.34,13971,89
10.29.37,13970,87
10.29.40,13969,85
10.29.43,13969,88
10.29.44,13971,90
10.29.52,13972,83
10.29.54,13971,81
10.30.00,13971,79
10.30.01,13968,81
10.30.02,13970,85
10.30.05,13972,91
10.30.07,13971,90
10.30.09,13973,91
10.30.10,13974,92
10.30.13,13975,89
10.30.14,13974,90
10.30.17,13974,87
10.30.18,13973,89
10.30.23,13974,84
10.30.25,13974,83
10.30.29,13972,80
10.30.32,13971,79
10.30.39,13972,71
10.30.46,13973,63
10.30.47,13972,68
10.30.49,13974,71
10.30.53,13973,67
10.31.00,13971,60
10.31.08,13971,53
10.31.09,13973,66
10.31.10,13973,67
10.31.13,13972,71
10.31.14,13971,71
10.31.15,13971,71
10.31.16,13973,73
10.31.17,13971,75
10.31.18,13970,75
10.31.20,13971,76
10.31.21,13968,75
10.31.22,13969,75
10.31.25,13969,72
10.31.26,13970,76
10.31.31,13969,71
10.31.34,13969,68
10.31.36,13967,81
10.31.37,13970,81
10.31.41,13968,77
10.31.42,13969,77
10.31.45,13968,76
10.31.46,13969,77
10.31.48,13970,78
10.31.50,13970,77
10.31.51,13971,79
10.31.53,13972,78
10.31.59,13971,72
10.32.02,13971,73
10.32.07,13973,71
10.32.09,13973,70
10.32.10,13972,74
10.32.15,13971,70
10.32.17,13971,69
10.32.18,13972,69
10.32.19,13972,69
10.32.22,13971,68
10.32.28,13972,64
10.32.29,13970,69
10.32.33,13970,69
10.32.36,13971,67
10.32.39,13969,67
10.32.40,13968,68
10.32.41,13968,68
10.32.43,13968,69
10.32.49,13968,67
10.32.50,13967,70
10.32.51,13965,74
10.32.53,13964,75
10.32.55,13964,74
10.33.02,13966,77
10.33.04,13970,75
10.33.06,13971,74
10.33.07,13972,75
10.33.08,13971,75
10.33.11,13971,73
10.33.13,13972,71
10.33.14,13971,73
10.33.19,13970,68
10.33.21,13968,68
10.33.23,13968,68
10.33.31,13968,63
10.33.32,13968,65
10.33.36,13966,61
10.33.38,13967,60
10.33.39,13966,61
10.33.44,13965,57
10.33.49,13966,55
10.33.55,13965,53
10.33.56,13964,53
10.33.59,13965,52
10.34.03,13965,49
10.34.09,13965,47
10.34.10,13963,47
10.34.11,13963,47
10.34.12,13962,48
10.34.14,13962,49
10.34.18,13962,46
10.34.22,13961,46
10.34.25,13962,45
10.34.34,13963,38
10.34.37,13963,37
10.34.44,13964,33
10.34.49,13966,31
10.34.54,13964,28
10.35.00,13965,28
10.35.08,13966,25
10.35.12,13967,24
10.35.14,13969,24
10.35.16,13969,28
10.35.17,13969,28
10.35.18,13969,30
10.35.19,13969,31
10.35.20,13968,33
10.35.25,13968,31
10.35.28,13964,31
10.35.32,13964,30
10.35.33,13962,36
10.35.40,13963,34
10.35.41,13964,35
10.35.43,13963,35
10.35.44,13963,36
10.35.45,13964,36
10.35.46,13964,37
10.35.48,13963,37
10.35.50,13962,38
10.35.52,13960,40
10.35.54,13960,49
10.35.55,13959,51
10.36.00,13960,59
10.36.06,13959,61
10.36.10,13960,59
10.36.11,13959,59
10.36.12,13959,61
10.36.13,13959,65
10.36.14,13961,65
10.36.25,13962,58
10.36.26,13962,61
10.36.28,13962,62
10.36.30,13962,62
10.36.34,13963,61
10.36.38,13965,59
10.36.43,13966,56
10.36.45,13966,58
10.36.49,13969,56
10.36.54,13968,54
10.36.58,13969,52
10.37.12,13966,41
10.37.14,13968,44
10.37.16,13970,44
10.37.17,13969,46
10.37.18,13969,46
10.37.20,13969,46
10.37.25,13968,44
10.37.28,13969,42
10.37.30,13969,43
10.37.32,13969,42
10.37.36,13968,55
10.37.40,13970,54
10.37.42,13972,54
10.37.45,13971,53
10.37.47,13973,53
10.37.49,13971,52
10.37.53,13972,49
10.38.01,13972,43
10.38.05,13972,43
10.38.10,13972,42
10.38.12,13972,46
10.38.15,13969,59
10.38.16,13969,59
10.38.21,13969,57
10.38.34,13970,48
10.38.35,13969,50
10.38.36,13966,56
10.38.48,13967,48
10.38.51,13966,47
10.38.53,13967,48
10.38.56,13969,47
10.38.59,13970,46
10.39.03,13970,44
10.39.10,13970,42
10.39.13,13972,41
10.39.17,13972,39
10.39.23,13969,36
10.39.28,13969,33
10.39.31,13970,32
10.39.48,13970,25
10.39.52,13969,24
10.39.57,13969,25
10.39.58,13968,26
10.40.06,13968,23
10.40.08,13967,23
10.40.09,13966,29
10.40.12,13966,32
10.40.14,13964,33
10.40.15,13964,33
10.40.16,13966,35
10.40.26,13967,31
10.40.31,13967,30
10.40.34,13966,31
10.40.47,13966,26
10.40.50,13967,28
10.40.51,13967,28
10.40.54,13967,29
10.40.55,13968,30
10.40.56,13969,30
10.40.57,13969,31
10.41.02,13969,30
10.41.03,13969,31
10.41.04,13969,32
10.41.10,13969,31
10.41.13,13969,31
10.41.15,13970,32
10.41.16,13969,35
10.41.19,13968,35
10.41.21,13967,41
10.41.26,13968,41
10.41.31,13969,39
10.41.39,13970,36
10.41.41,13971,40
10.41.44,13971,39
10.41.45,13971,39
10.41.53,13969,36
10.41.57,13972,34
10.42.03,13972,33
10.42.04,13971,33
10.42.13,13971,29
10.42.16,13971,28
10.42.23,13971,27
10.42.24,13972,35
10.42.26,13972,35
10.42.27,13973,35
10.42.28,13973,36
10.42.29,13972,37
10.42.32,13974,44
10.42.35,13973,43
10.42.37,13974,44
10.42.38,13975,44
10.42.39,13975,45
10.42.40,13975,45
10.42.41,13976,47
10.42.44,13977,48
10.42.45,13977,51
10.42.56,13975,44
10.42.58,13974,44
10.43.01,13975,46
10.43.03,13973,47
10.43.04,13973,48
10.43.08,13973,46
10.43.11,13972,46
10.43.22,13972,41
10.43.24,13971,41
10.43.26,13971,46
10.43.31,13973,44
10.43.35,13973,43
10.43.37,13974,43
10.43.38,13974,44
10.43.40,13974,43
10.44.07,13972,31
10.44.09,13971,34
10.44.10,13973,45
10.44.13,13974,47
10.44.17,13975,45
10.44.24,13973,41
10.44.28,13974,44
10.44.30,13972,44
10.44.31,13970,49
10.44.41,13972,47
10.44.44,13975,46
10.44.58,13974,42
10.45.02,13975,42
10.45.05,13974,42
10.45.06,13974,43
10.45.09,13975,45
10.45.11,13972,44
10.45.15,13971,45
10.45.20,13970,45
10.45.21,13967,49
10.45.22,13968,52
10.45.26,13967,52
10.45.31,13969,53
10.45.36,13968,55
10.45.43,13969,52
10.45.48,13967,50
10.45.55,13968,46
10.46.00,13966,44
10.46.01,13966,44
10.46.02,13965,46
10.46.03,13967,48
10.46.04,13967,48
10.46.06,13968,48
10.46.07,13968,48
10.46.11,13968,48
10.46.16,13966,45
10.46.18,13964,47
10.46.22,13965,47
10.46.23,13966,48
10.46.27,13966,48
10.46.28,13965,49
10.46.30,13965,57
10.46.31,13964,58
10.46.38,13964,54
10.46.39,13965,54
10.46.41,13965,53
10.46.43,13966,53
10.46.53,13967,50
10.47.02,13966,50
10.47.04,13963,50
10.47.08,13963,48
10.47.09,13962,57
10.47.16,13962,52
10.47.18,13963,53
10.47.22,13963,50
10.47.23,13963,50
10.47.31,13964,45
10.47.34,13964,46
10.47.41,13964,43
10.47.44,13965,42
10.47.48,13965,40
10.47.49,13965,41
10.47.53,13965,39
10.47.54,13965,39
10.48.06,13965,32
10.48.07,13966,33
10.48.13,13966,31
10.48.20,13965,28
10.48.30,13968,30
10.48.31,13971,32
10.48.32,13971,32
10.48.35,13970,32
10.48.37,13971,34
10.48.40,13970,33
10.48.49,13969,31
10.48.52,13970,31
10.48.57,13969,29
10.49.02,13968,27
10.49.04,13968,28
10.49.05,13967,30
10.49.18,13967,27
10.49.29,13966,25
10.49.35,13967,24
10.49.53,13966,20
10.49.54,13967,22
10.49.55,13969,24
10.49.56,13969,27
10.50.01,13968,26
10.50.04,13970,29
10.50.05,13973,32
10.50.07,13971,32
10.50.14,13972,31
10.50.17,13973,33
10.50.21,13972,33
10.50.24,13972,33
10.50.26,13973,33
10.50.28,13972,33
10.50.33,13972,34
10.50.50,13970,29
10.50.59,13969,28
10.51.02,13968,29
10.51.03,13968,30
10.51.05,13968,31
10.51.06,13969,32
10.51.07,13968,32
10.51.10,13969,34
10.51.13,13968,34
10.51.14,13968,36
10.51.16,13967,38
10.51.18,13967,38
10.51.23,13966,40
10.51.27,13966,39
10.51.28,13966,40
10.51.31,13966,40
10.51.32,13966,44
10.51.33,13967,44
10.51.34,13968,46
10.51.35,13969,47
10.51.41,13969,44
10.51.43,13969,44
10.51.56,13969,36
10.51.57,13969,37
10.52.00,13970,36
10.52.02,13970,36
10.52.04,13970,40
10.52.05,13972,45
10.52.15,13972,40
10.52.19,13972,38
10.52.20,13971,42
10.52.21,13970,42
10.52.25,13970,41
10.52.36,13971,35
10.52.41,13971,41
10.52.46,13970,39
10.52.52,13970,36
10.52.57,13970,48
10.52.58,13966,49
10.53.00,13965,49
10.53.01,13966,56
10.53.02,13965,62
10.53.03,13965,69
10.53.04,13966,70
10.53.05,13965,70
10.53.10,13964,68
10.53.11,13962,68
10.53.12,13964,68
10.53.14,13962,68
10.53.19,13962,65
10.53.21,13964,71
10.53.24,13964,69
10.53.27,13964,71
10.53.29,13963,70
10.53.33,13962,68
10.53.35,13961,67
10.53.36,13961,67
10.53.37,13960,69
10.53.38,13961,73
10.53.44,13960,69
10.53.46,13960,68
10.53.49,13960,69
10.53.57,13962,63
10.53.58,13963,68
10.53.59,13962,68
10.54.00,13963,68
10.54.02,13962,67
10.54.03,13960,79
10.54.05,13960,84
10.54.06,13959,86
10.54.07,13958,88
10.54.08,13958,88
10.54.09,13958,94
10.54.10,13956,103
10.54.11,13955,106
10.54.13,13956,104
10.54.14,13956,104
10.54.15,13958,104
10.54.16,13957,108
10.54.17,13957,109
10.54.21,13957,104
10.54.22,13956,107
10.54.23,13957,106
10.54.24,13956,106
10.54.27,13957,108
10.54.28,13956,108
10.54.30,13957,110
10.54.31,13956,109
10.54.36,13958,108
10.54.37,13955,111
10.54.38,13955,111
10.54.40,13955,110
10.54.41,13953,109
10.54.42,13953,108
10.54.44,13953,110
10.54.45,13955,111
10.54.49,13954,108
10.54.50,13954,115
10.54.51,13952,114
10.54.53,13952,114
10.54.57,13952,107
10.54.58,13952,107
10.55.00,13954,107
10.55.02,13954,104
10.55.03,13953,114
10.55.04,13952,118
10.55.05,13951,123
10.55.06,13949,129
10.55.07,13950,133
10.55.08,13951,133
10.55.09,13952,133
10.55.10,13952,132
10.55.13,13951,128
10.55.14,13950,127
10.55.15,13950,133
10.55.16,13949,135
10.55.17,13949,138
10.55.19,13949,136
10.55.20,13948,146
10.55.21,13947,148
10.55.22,13947,152
10.55.23,13947,151
10.55.24,13947,154
10.55.25,13948,156
10.55.26,13948,155
10.55.28,13950,166
10.55.29,13951,184
10.55.30,13950,183
10.55.31,13951,183
10.55.36,13952,174
10.55.37,13952,173
10.55.38,13953,172
10.55.40,13954,169
10.55.42,13955,166
10.55.43,13954,170
10.55.44,13953,168
10.55.47,13956,163
10.55.48,13955,164
10.55.49,13955,163
10.55.50,13956,161
10.55.56,13957,150
10.55.57,13958,151
10.55.59,13958,148
10.56.02,13958,144
10.56.03,13959,142
10.56.04,13960,141
10.56.05,13959,139
10.56.07,13960,136
10.56.08,13960,135
10.56.09,13960,143
10.56.10,13963,142
10.56.11,13963,141
10.56.13,13962,139
10.56.15,13964,136
10.56.17,13964,137
10.56.19,13964,142
10.56.20,13962,143
10.56.21,13962,143
10.56.24,13962,138
10.56.26,13962,135
10.56.28,13962,134
10.56.32,13961,134
10.56.34,13960,131
10.56.38,13961,123
10.56.39,13960,123
10.56.40,13960,124
10.56.42,13961,123
10.56.47,13962,117
10.56.51,13963,111
10.56.58,13961,98
10.57.02,13963,92
10.57.04,13963,89
10.57.09,13962,81
10.57.10,13964,82
10.57.11,13964,81
10.57.12,13965,91
10.57.13,13966,91
10.57.15,13967,88
10.57.16,13966,87
10.57.17,13967,87
10.57.20,13967,82
10.57.23,13967,79
10.57.25,13967,79
10.57.31,13965,90
10.57.34,13964,89
10.57.50,13965,69
10.57.51,13964,69
10.57.56,13964,64
10.58.07,13965,54
10.58.10,13965,56
10.58.11,13965,57
10.58.15,13965,56
10.58.22,13967,49
10.58.23,13968,51
10.58.24,13967,51
10.58.35,13968,43
10.58.42,13966,38
10.58.44,13966,38
10.58.45,13967,40
10.58.48,13967,39
10.58.56,13966,39
10.58.57,13968,42
10.58.58,13969,43
10.58.59,13970,45
10.59.00,13969,47
10.59.01,13971,49
10.59.05,13970,51
10.59.06,13969,52
10.59.17,13969,45
10.59.24,13970,61
10.59.26,13972,61
10.59.27,13970,61
10.59.32,13971,58
10.59.37,13971,61
10.59.38,13972,62
10.59.39,13972,63
10.59.40,13973,63
10.59.43,13973,62
10.59.44,13972,63
10.59.54,13971,56
10.59.56,13973,55
10.59.57,13974,56
10.59.58,13973,56
11.00.00,13972,55
11.00.03,13971,54
11.00.05,13972,55
11.00.08,13971,55
11.00.09,13970,80
11.00.10,13967,91
11.00.11,13966,93
11.00.12,13967,104
11.00.13,13967,106
11.00.14,13968,114
11.00.15,13968,115
11.00.17,13968,114
11.00.19,13967,135
11.00.21,13970,135
11.00.22,13970,135
11.00.23,13969,135
11.00.24,13971,135
11.00.31,13969,128
11.00.35,13970,123
11.00.37,13970,123
11.00.40,13969,122
11.00.46,13967,113
11.01.03,13966,89
11.01.12,13965,82
11.01.13,13963,82
11.01.14,13964,81
11.01.17,13963,79
11.01.19,13965,77
11.01.25,13966,71
11.01.30,13964,66
11.01.47,13964,47
11.01.48,13966,48
11.01.50,13964,47
11.01.51,13965,50
11.01.54,13967,48
11.01.56,13968,47
11.01.58,13968,45
11.02.04,13969,39
11.02.06,13970,39
11.02.09,13969,35
11.02.11,13968,33
11.02.17,13969,28
11.02.24,13969,25
11.02.25,13970,25
11.02.28,13971,25
11.02.32,13970,24
11.02.36,13970,24
11.02.41,13969,23
11.02.44,13970,25
11.02.49,13970,24
11.02.57,13970,22
11.03.00,13970,22
11.03.04,13970,26
11.03.07,13969,28
11.03.09,13969,28
11.03.20,13969,24
11.03.43,13969,17
11.03.53,13969,17
11.03.54,13971,23
11.03.57,13970,24
11.04.06,13970,22
11.04.12,13969,22
11.04.13,13969,23
11.04.14,13969,24
11.04.22,13970,23
11.04.23,13968,24
11.04.37,13967,23
11.04.38,13965,23
11.04.44,13966,22
11.04.46,13965,25
11.04.53,13965,25
11.04.57,13965,25
11.04.59,13966,29
11.05.01,13965,31
11.05.03,13964,35
11.05.06,13964,37
11.05.08,13964,37
11.05.09,13964,39
11.05.14,13967,38
11.05.19,13966,37
11.05.20,13967,37
11.05.21,13965,38
11.05.22,13965,40
11.05.23,13964,42
11.05.26,13963,42
11.05.28,13962,47
11.05.29,13961,52
11.05.30,13961,53
11.05.31,13962,53
11.05.33,13961,53
11.05.34,13962,55
11.05.41,13963,52
11.05.45,13961,51
11.05.47,13961,51
11.05.51,13961,49
11.05.55,13961,53
11.05.56,13959,53
11.05.57,13960,54
11.06.00,13961,53
11.06.03,13962,52
11.06.06,13962,51
11.06.08,13961,55
11.06.10,13962,63
11.06.11,13961,63
11.06.19,13960,58
11.06.21,13960,59
11.06.23,13961,58
