x,y,z
90102,14034,402
90103,14031,410
90104,14031,431
90105,14032,435
90106,14033,432
90107,14030,432
90108,14032,427
90109,14030,423
90110,14029,420
90111,14030,418
90112,14029,425
90113,14030,426
90115,14031,420
90116,14028,421
90117,14029,423
90118,14032,434
90119,14034,435
90120,14034,435
90121,14033,430
90122,14033,426
90123,14034,426
90124,14036,421
90125,14036,429
90126,14038,423
90127,14037,417
90128,14037,419
90131,14036,401
90132,14036,395
90133,14037,393
90134,14035,387
90135,14035,383
90136,14035,379
90137,14034,376
90139,14032,365
90140,14033,370
90141,14031,365
90144,14032,347
90145,14033,346
90148,14033,328
90149,14034,335
90152,14033,322
90156,14032,298
90158,14031,286
90200,14031,277
90201,14030,273
90202,14033,290
90203,14037,288
90204,14038,292
90205,14040,293
90206,14041,288
90207,14041,292
90208,14038,288
90209,14038,283
90210,14038,279
90211,14039,277
90212,14038,273
90213,14040,276
90214,14040,273
90215,14040,272
90216,14040,273
90217,14043,279
90218,14043,277
90219,14043,274
90220,14042,280
90221,14045,278
90222,14044,282
90223,14044,280
90225,14043,276
90226,14043,272
90228,14044,264
90229,14043,261
90231,14042,259
90233,14042,257
90235,14040,249
90236,14040,246
90237,14040,246
90238,14041,243
90241,14042,235
90243,14041,229
90244,14042,228
90245,14043,227
90246,14041,229
90248,14041,222
90250,14041,218
90251,14041,228
90256,14042,209
90258,14043,208
90259,14043,205
90300,14044,212
90301,14044,214
90302,14039,219
90303,14041,228
90304,14041,224
90305,14040,226
90306,14041,226
90307,14041,223
90308,14040,220
90309,14039,219
90311,14038,213
90312,14039,210
90313,14040,208
90314,14041,208
90315,14040,206
90316,14040,206
90317,14040,205
90318,14040,202
90320,14041,198
90323,14041,193
90324,14042,192
90325,14042,191
90327,14043,187
90328,14042,186
90329,14042,185
90331,14042,188
90332,14041,188
90334,14040,185
90335,14041,187
90336,14040,190
90337,14039,191
90338,14039,206
90339,14041,204
90341,14040,198
90343,14041,194
90344,14042,194
90347,14042,188
90348,14043,194
90349,14044,192
90350,14043,193
90351,14045,193
90352,14045,191
90354,14046,186
90355,14045,185
90357,14044,186
90358,14041,188
90359,14040,189
90401,14038,188
90402,14037,194
90403,14037,194
90404,14035,194
90405,14035,199
90406,14032,203
90407,14032,206
90408,14033,210
90411,14035,204
90412,14038,202
90414,14038,196
90415,14039,197
90416,14038,202
90417,14039,201
90420,14038,194
90421,14039,195
90423,14038,191
90424,14040,203
90425,14040,202
90426,14040,208
90427,14040,211
90428,14041,210
90429,14041,211
90430,14041,213
90433,14042,226
90434,14044,231
90435,14042,232
90436,14040,231
90437,14038,233
90441,14036,223
90442,14037,227
90443,14036,226
90444,14036,223
90445,14037,223
90446,14036,222
90448,14036,217
90450,14037,220
90453,14033,224
90454,14035,222
90455,14036,220
90456,14036,217
90457,14036,215
90459,14034,211
90500,14035,215
90501,14033,215
90502,14032,215
90503,14031,219
90504,14031,219
90505,14031,220
90506,14035,223
90507,14034,224
90508,14036,229
90509,14036,227
90510,14037,226
90511,14038,225
90512,14037,230
90513,14036,239
90514,14036,240
90515,14036,246
90516,14039,243
90517,14039,247
90518,14039,245
90520,14039,241
90521,14040,239
90522,14040,265
90523,14037,264
90524,14036,267
90525,14037,271
90526,14037,272
90527,14037,271
90528,14037,269
90529,14037,276
90530,14035,286
90531,14035,283
90532,14034,285
90534,14033,278
90535,14034,281
90536,14035,278
90537,14034,283
90538,14031,283
90539,14031,282
90541,14032,276
90542,14033,276
90544,14033,282
90545,14030,293
90546,14030,292
90547,14028,306
90548,14028,305
90550,14029,301
90552,14032,300
90555,14032,289
90557,14031,283
90559,14031,280
90600,14030,281
90601,14028,283
90602,14029,284
90603,14028,282
90604,14028,281
90605,14030,285
90608,14031,273
90609,14030,273
90610,14031,271
90611,14031,268
90613,14032,261
90614,14032,261
90615,14031,258
90616,14034,255
90617,14033,253
90620,14031,245
90621,14032,242
90622,14034,243
90624,14035,235
90625,14032,234
90626,14031,232
90627,14032,229
90629,14033,231
90631,14032,226
90632,14032,225
90633,14031,221
90635,14031,216
90638,14031,217
90639,14030,218
90642,14030,212
90643,14030,211
90645,14029,207
90647,14029,201
90648,14029,199
90649,14030,198
90650,14029,196
90651,14030,195
90652,14031,193
90653,14030,204
90654,14026,201
90655,14024,230
90656,14022,233
90657,14024,237
90658,14023,240
90659,14023,243
90700,14021,242
90701,14020,259
90702,14018,258
90703,14018,260
90704,14016,261
90705,14015,272
90706,14018,279
90707,14017,291
90709,14019,286
90710,14018,285
90711,14019,285
90712,14021,288
90713,14023,290
90714,14022,288
90716,14022,285
90717,14020,284
90720,14022,287
90722,14021,283
90723,14020,282
90724,14020,279
90726,14020,272
90727,14020,272
90728,14021,269
90729,14021,266
90730,14021,268
90732,14021,262
90733,14021,262
90734,14021,261
90736,14018,264
90737,14019,262
90738,14021,262
90740,14021,255
90742,14023,252
90743,14026,250
90745,14025,245
90746,14024,247
90748,14024,241
90749,14024,240
90750,14024,238
90751,14023,236
90752,14019,234
90754,14020,230
90755,14019,232
90756,14018,232
90758,14017,227
90759,14015,224
90800,14014,234
90801,14016,237
90802,14016,235
90803,14015,235
90804,14015,232
90805,14014,234
90806,14015,239
90807,14012,242
90808,14013,246
90810,14011,240
90811,14010,240
90812,14009,242
90813,14009,247
90814,14007,246
90815,14008,245
90816,14007,243
90817,14007,274
90818,14007,279
90819,14008,276
90820,14008,274
90822,14007,274
90823,14006,275
90824,14006,281
90825,14006,278
90826,14009,283
90827,14008,279
90828,14008,278
90829,14009,277
90830,14010,277
90831,14009,275
90832,14008,274
90833,14009,273
90834,14010,272
90836,14011,265
90837,14009,266
90839,14011,272
90840,14013,285
90841,14014,290
90842,14014,289
90843,14014,292
90844,14013,291
90845,14012,288
90846,14012,288
90849,14011,275
90850,14012,273
90851,14011,269
90853,14012,266
90854,14011,266
90855,14010,262
90856,14010,259
90857,14009,255
90900,14008,245
90901,14008,251
90902,14007,248
90903,14007,250
90905,14007,245
90906,14005,243
90907,14005,240
90908,14006,239
90910,14005,235
90911,14005,242
90912,14005,241
90913,14005,239
90914,14004,237
90916,14004,235
90918,14003,241
90919,14002,253
90920,14004,253
90921,14002,253
90922,14002,252
90923,14002,267
90924,14001,268
90925,14001,318
90926,14000,316
90927,14000,313
90929,14000,306
90930,13999,307
90931,14000,309
90932,14002,310
90933,14002,311
90934,14002,317
90935,14002,321
90936,14002,322
90937,14002,319
90938,14000,320
90939,14000,316
90940,14001,321
90941,14003,319
90942,14003,317
90945,14006,331
90946,14008,328
90947,14007,327
90950,14006,316
90951,14005,313
90952,14008,313
90953,14008,310
90954,14008,308
90955,14008,304
90956,14010,303
90957,14009,300
90958,14010,298
90959,14010,294
91000,14006,316
91001,14008,314
91002,14008,319
91003,14006,315
91005,14004,319
91006,14004,316
91007,14004,312
91008,14004,309
91009,14007,311
91011,14007,306
91012,14008,309
91013,14007,307
91014,14009,307
91015,14008,313
91016,14008,314
91017,14007,310
91018,14007,308
91019,14008,307
91020,14007,305
91022,14008,298
91023,14007,298
91025,14008,294
91026,14008,292
91027,14009,292
91028,14007,289
91029,14007,293
91030,14005,292
91031,14005,290
91032,14005,286
91034,14003,283
91035,14001,281
91036,14003,288
91037,14002,298
91038,14004,295
91039,14001,291
91040,14002,295
91041,14000,298
91042,14001,298
91044,14001,291
91046,14000,283
91047,14001,281
91048,13999,288
91049,13999,288
91051,13998,283
91052,13997,281
91053,13996,280
91054,13996,282
91056,13996,278
91057,13996,282
91058,13997,283
91059,13997,283
91100,13997,281
91101,13997,278
91102,13997,274
91103,13997,281
91104,13998,281
91105,13999,285
91106,14000,288
91107,13999,285
91108,13999,283
91109,13998,282
91110,13998,281
91111,13997,280
91112,13998,276
91113,13996,276
91115,13997,272
91117,13997,266
91119,13998,263
91120,13997,261
91121,13997,260
91124,13999,249
91125,13997,244
91126,13997,241
91128,13997,238
91129,13997,237
91130,13997,234
91131,13996,237
91135,13997,224
91137,13998,233
91138,13998,231
91139,13996,238
91140,13997,247
91141,13995,250
91142,13996,249
91145,13995,242
91146,13994,247
91147,13994,259
91148,13995,258
91149,13996,257
91150,13995,254
91151,13994,254
91152,13995,260
91153,13996,266
91154,13998,268
91156,13998,266
91157,14002,286
91158,14000,348
91159,13999,347
91200,13999,350
91201,13997,346
91202,13998,342
91203,13997,338
91204,13997,344
91206,13997,338
91207,13994,340
91208,13994,344
91209,13993,341
91210,13994,349
91211,13992,364
91212,13989,395
91213,13994,400
91214,13995,402
91215,13995,400
91216,13996,408
91217,13996,405
91218,14000,407
91219,14000,409
91220,13999,407
91221,14000,409
91223,14000,403
91225,13999,398
91226,14000,395
91227,13999,391
91228,14000,393
91229,13996,390
91230,13998,396
91232,13996,392
91235,13994,380
91236,13992,375
91237,13992,370
91238,13992,370
91241,13992,363
91242,13992,363
91243,13996,362
91244,13996,359
91245,13996,355
91246,13996,351
91248,13996,349
91251,13996,335
91253,13997,328
91254,13997,325
91256,13998,318
91258,13999,308
91259,13999,306
91300,14001,305
91302,14001,300
91303,14000,308
91304,14000,310
91305,14000,314
91306,14003,326
91307,14002,324
91308,14001,324
91309,14002,329
91310,14000,326
91311,13998,325
91313,13999,318
91314,13998,314
91316,13997,308
91317,14000,305
91319,13998,296
91321,14000,289
91322,14002,296
91324,14002,287
91325,14002,285
91326,14002,284
91327,14002,290
91328,14001,287
91329,14001,284
91331,14001,280
91334,14002,272
91336,14003,281
91337,14005,278
91338,14005,275
91340,14005,267
91341,14005,268
91342,14006,285
91343,14006,283
91344,14006,283
91347,14006,270
91348,14003,270
91349,14005,268
91350,14004,267
91351,14005,277
91352,14001,276
91354,14000,271
91356,13998,267
91357,13997,268
91358,13998,261
91359,13996,265
91400,13997,268
91401,13994,267
91402,13995,279
91403,13995,283
91404,13995,282
91405,13995,280
91406,13998,293
91407,13997,294
91408,13998,290
91409,13998,287
91410,13998,283
91411,13998,293
91413,13998,286
91414,13999,282
91416,13998,275
91417,13999,273
91418,13997,279
91419,13994,275
91420,13994,282
91421,13993,280
91422,13992,285
91423,13992,287
91424,13994,284
91426,13994,279
91427,13996,286
91428,13996,285
91429,13996,285
91430,13997,284
91431,13997,282
91432,13997,297
91433,13995,298
91436,13996,289
91437,13995,286
91439,13995,282
91441,13995,280
91443,13996,274
91444,13995,272
91445,13996,271
91446,13995,276
91447,13994,275
91449,13993,280
91450,13993,279
91451,13993,280
91453,13994,279
91454,13993,280
91458,13994,265
91459,13995,261
91500,13995,260
91501,13993,261
91502,13993,266
91503,13993,265
91504,13992,264
91505,13991,269
91507,13992,267
91508,13993,266
91509,13994,265
91511,13995,272
91512,13995,278
91513,13998,279
91515,13999,272
91516,14002,277
91517,14003,278
91518,14004,280
91519,14002,276
91520,14002,278
91521,14001,276
91522,14004,275
91523,14005,275
91524,14005,276
91525,14005,279
91526,14008,303
91527,14007,302
91528,14007,300
91529,14007,296
91531,14007,299
91532,14007,297
91533,14008,303
91534,14008,302
91535,14010,326
91536,14008,347
91537,14010,350
91538,14012,371
91539,14009,372
91540,14010,371
91541,14010,369
91542,14009,365
91543,14007,371
91544,14006,378
91545,14005,380
91547,14004,416
91548,14002,426
91549,14004,421
91552,14004,405
91553,14004,404
91556,14004,389
91558,14004,381
91601,14003,372
91602,14003,387
91603,14003,383
91604,14001,387
91605,14001,384
91606,14002,381
91607,14005,379
91609,14006,374
91610,14004,381
91611,14003,376
91612,14003,375
91613,14003,370
91614,14004,371
91616,14005,365
91617,14005,362
91618,14005,360
91622,14005,341
91623,14005,337
91624,14005,334
91625,14006,330
91628,14006,316
91629,14006,312
91630,14004,308
91631,14005,316
91632,14002,314
91633,14002,310
91637,14001,301
91640,14001,291
91641,14000,287
91642,14000,285
91644,13999,277
91645,13999,276
91647,13999,267
91648,13999,264
91649,13999,260
91650,14001,262
91652,14002,253
91653,14001,250
91655,14001,245
91656,14002,243
91657,14003,242
91658,14003,243
91659,14002,245
91700,14001,246
91701,14000,242
91702,14001,246
91703,13999,245
91704,13999,244
91706,14001,239
91707,14001,250
91708,14003,248
91709,14003,251
91710,14002,253
91711,14002,248
91712,14000,263
91714,14001,256
91715,14001,254
91716,14002,272
91717,13999,276
91718,13997,272
91719,13999,284
91720,13999,280
91721,13998,276
91722,13998,335
91725,13997,323
91727,13996,313
91729,13994,308
91730,13992,310
91731,13992,311
91732,13990,311
91733,13991,308
91734,13990,354
91735,13987,367
91736,13986,364
91737,13987,362
91738,13985,361
91740,13986,354
91741,13990,367
91742,13990,364
91743,13992,364
91744,13993,361
91745,13992,357
91750,13991,343
91751,13990,339
91752,13991,344
91753,13990,340
91754,13992,339
91756,13990,331
91757,13987,328
91758,13988,325
91759,13987,323
91800,13986,323
91801,13985,328
91802,13985,325
91803,13985,360
91804,13981,361
91805,13982,359
91807,13984,356
91810,13983,347
91811,13984,345
91812,13985,343
91813,13984,343
91814,13985,340
91815,13984,338
91816,13985,339
91817,13985,335
91818,13986,333
91819,13987,331
91820,13988,328
91821,13986,327
91822,13986,324
91823,13986,321
91824,13988,318
91825,13987,318
91826,13987,317
91828,13986,311
91829,13987,310
91830,13985,307
91831,13987,302
91832,13985,301
91833,13985,297
91834,13986,294
91835,13984,298
91837,13983,293
91839,13985,285
91840,13984,281
91841,13983,280
91842,13982,277
91843,13982,276
91844,13982,277
91846,13983,273
91847,13981,271
91848,13982,270
91849,13978,299
91850,13976,299
91852,13977,297
91853,13978,293
91854,13978,289
91855,13979,295
91856,13983,297
91857,13982,293
91858,13983,293
91859,13983,289
91900,13983,295
91901,13983,298
91902,13983,294
91903,13984,293
91904,13983,294
91905,13981,304
91906,13981,299
91907,13980,307
91908,13978,303
91909,13978,304
91910,13979,301
91911,13979,300
91912,13977,300
91914,13978,295
91915,13978,292
91916,13978,290
91917,13976,297
91918,13978,295
91919,13978,292
91920,13977,298
91921,13976,296
91922,13977,297
91923,13976,311
91924,13978,312
91926,13980,310
91927,13978,309
91928,13978,307
91929,13978,306
91930,13978,313
91931,13977,309
91932,13976,306
91933,13976,304
91935,13975,296
91936,13974,306
91937,13975,311
91938,13978,322
91939,13978,322
91940,13980,339
91942,13979,332
91943,13981,330
91944,13980,394
91945,13978,392
91946,13979,399
91947,13979,395
91948,13979,393
91950,13978,388
91951,13978,383
91952,13979,383
91953,13977,382
91954,13975,382
91957,13976,370
92000,13975,360
92001,13975,360
92002,13977,357
92003,13975,351
92005,13975,348
92007,13975,341
92010,13975,331
92011,13975,331
92012,13975,331
92013,13976,328
92014,13976,331
92015,13977,331
92017,13977,342
92019,13977,335
92021,13977,333
92022,13978,330
92024,13978,327
92025,13976,331
92027,13976,324
92028,13972,349
92029,13974,348
92031,13974,339
92032,13975,338
92034,13973,347
92035,13974,343
92037,13975,335
92039,13974,326
92040,13976,328
92041,13976,330
92042,13978,330
92043,13978,328
92045,13978,318
92046,13978,317
92047,13978,314
92048,13979,313
92049,13981,308
92050,13977,308
92051,13979,304
92052,13979,301
92053,13981,299
92054,13983,298
92055,13982,295
92057,13981,286
92058,13981,283
92059,13980,280
92101,13980,272
92102,13981,271
92103,13981,268
92105,13980,268
92106,13977,272
92107,13978,272
92108,13978,268
92109,13980,265
92110,13979,262
92112,13979,257
92113,13980,255
92114,13980,251
92115,13981,247
92116,13982,246
92117,13985,251
92118,13985,264
92119,13987,267
92120,13988,266
92121,13988,264
92122,13988,266
92123,13989,266
92124,13989,265
92125,13989,263
92126,13990,260
92127,13991,260
92128,13991,264
92129,13993,263
92130,13991,274
92131,13991,289
92132,13989,294
92133,13990,290
92134,13989,290
92135,13989,302
92137,13987,298
92138,13987,301
92139,13987,298
92140,13985,299
92141,13985,304
92142,13986,310
92143,13988,315
92144,13989,311
92145,13990,309
92148,13991,310
92149,13993,307
92150,13992,327
92152,13992,320
92153,13991,317
92154,13992,316
92156,13993,308
92159,13992,299
92201,13993,297
92202,13993,300
92203,13992,298
92205,13990,293
92206,13990,295
92207,13990,295
92208,13989,292
92210,13989,287
92211,13988,289
92215,13988,272
92216,13989,272
92218,13988,265
92220,13986,262
92221,13988,260
92224,13987,249
92225,13986,247
92226,13988,247
92229,13988,238
92230,13986,242
92235,13988,239
92237,13990,238
92239,13991,231
92240,13991,233
92241,13992,230
92242,13992,227
92247,13993,215
92249,13991,211
92251,13990,212
92253,13990,206
92255,13988,200
92256,13987,200
92257,13989,197
92258,13988,196
92259,13989,195
92300,13990,193
92301,13989,192
92302,13988,193
92303,13987,192
92304,13987,190
92305,13986,187
92306,13990,207
92307,13991,225
92308,13990,227
92309,13989,228
92310,13990,225
92312,13991,222
92315,13988,215
92317,13989,214
92318,13990,211
92319,13990,208
92320,13992,207
92322,13991,201
92325,13991,192
92326,13990,209
92327,13993,212
92328,13994,209
92329,13993,207
92330,13993,206
92331,13994,209
92332,13994,206
92333,13994,204
92335,13994,199
92336,13996,197
92337,13995,195
92338,13997,196
92339,13996,195
92340,13997,197
92341,13998,208
92342,13999,208
92344,13998,214
92345,14000,224
92346,14001,224
92347,14002,240
92349,14003,261
92350,14001,262
92351,14000,264
92352,14001,270
92354,14002,266
92355,14000,272
92356,14000,271
92357,14002,272
92358,14002,271
92359,14003,269
92400,14004,272
92401,14003,271
92402,14003,271
92403,14003,268
92404,14001,278
92405,14002,279
92406,14004,281
92407,14002,279
92408,14003,279
92409,14004,284
92410,14006,282
92411,14004,280
92412,14006,283
92413,14007,283
92415,14007,281
92416,14007,284
92417,14007,284
92419,14008,281
92420,14007,285
92421,14008,287
92422,14009,293
92423,14008,291
92424,14007,313
92425,14006,319
92426,14006,319
92427,14000,345
92428,14002,352
92429,14002,355
92430,14006,435
92431,14005,447
92432,14003,446
92433,14004,442
92434,14004,438
92436,14005,430
92439,14006,419
92440,14006,414
92441,14005,412
92443,14005,405
92445,14007,397
92446,14006,394
92448,14005,386
92449,14004,382
92451,14006,374
92452,14005,372
92453,14005,369
92455,14006,360
92456,14007,357
92457,14006,354
92458,14006,349
92500,14005,340
92501,14003,341
92502,14003,347
92503,14004,343
92504,14003,341
92505,14002,341
92506,14000,341
92508,14002,333
92509,14006,349
92510,14006,345
92511,14006,348
92512,14004,354
92514,14005,346
92515,14003,345
92516,14009,344
92517,14009,342
92518,14008,342
92519,14010,344
92522,14008,333
92523,14007,342
92524,14009,338
92525,14013,345
92526,14012,346
92527,14012,341
92529,14014,335
92530,14013,332
92531,14014,339
92532,14011,342
92533,14011,338
92534,14010,334
92536,14012,326
92537,14011,325
92539,14010,316
92541,14010,306
92542,14009,304
92543,14010,311
92544,14010,310
92546,14010,303
92549,14010,294
92550,14010,294
92551,14009,290
92552,14007,287
92554,14007,278
92555,14007,276
92557,14005,267
92559,14006,265
92600,14007,261
92601,14006,257
92602,14006,265
92604,14005,256
92605,14006,257
92606,14005,261
92607,14003,259
92609,14003,251
92610,14004,249
92611,14006,252
92613,14005,246
92615,14007,239
92618,14007,226
92619,14008,223
92620,14010,219
92621,14010,217
92622,14010,214
92624,14010,210
92625,14009,212
92626,14010,209
92629,14010,197
92630,14010,193
92631,14011,192
92632,14012,190
92633,14012,188
92634,14012,187
92635,14013,188
92636,14014,192
92637,14012,190
92638,14011,197
92639,14012,198
92640,14012,199
92641,14013,199
92643,14014,204
92645,14010,216
92646,14011,234
92647,14011,238
92649,14011,235
92650,14008,233
92651,14008,232
92652,14007,230
92653,14008,228
92654,14007,226
92655,14007,226
92656,14009,235
92657,14010,232
92658,14011,232
92700,14011,229
92701,14012,227
92703,14011,222
92705,14010,216
92706,14010,221
92708,14011,227
92710,14013,221
92711,14013,218
92712,14014,222
92713,14014,224
92714,14014,224
92715,14015,227
92717,14015,221
92718,14016,219
92719,14015,216
92721,14015,212
92722,14016,216
92724,14015,224
92725,14015,222
92727,14013,220
92728,14015,220
92730,14016,216
92732,14016,211
92733,14016,209
92734,14015,207
92738,14015,199
92740,14015,201
92742,14013,200
92743,14011,202
92744,14010,204
92745,14010,209
92746,14010,211
92749,14010,204
92754,14008,192
92756,14009,194
92757,14010,193
92801,14009,183
92802,14007,185
92803,14008,185
92804,14008,183
92805,14008,198
92806,14009,196
92807,14010,194
92809,14009,189
92810,14010,188
92812,14011,183
92814,14010,179
92815,14010,179
92816,14009,177
92817,14009,178
92818,14008,176
92819,14008,174
92820,14008,173
92822,14007,168
92824,14006,168
92825,14006,177
92826,14005,176
92830,14008,180
92831,14006,178
92832,14007,180
92833,14007,179
92834,14008,178
92836,14007,172
92837,14007,170
92838,14007,170
92839,14007,167
92840,14007,165
92841,14007,165
92842,14008,170
92844,14009,173
92845,14009,180
92847,14007,175
92849,14007,173
92850,14006,173
92851,14007,174
92853,14007,170
92854,14007,169
92855,14007,168
92856,14007,165
92857,14007,167
92902,14007,160
92903,14005,168
92904,14004,175
92905,14006,173
92907,14006,177
92908,14004,176
92909,14003,180
92910,14005,183
92911,14003,182
92912,14002,185
92913,14001,186
92914,14001,186
92915,14002,186
92916,14002,194
92918,14006,203
92919,14008,204
92920,14009,208
92921,14010,207
92922,14009,205
92923,14008,254
92924,14010,253
92926,14010,250
92927,14008,251
92929,14008,246
92930,14009,249
92931,14007,251
92933,14006,248
92934,14006,246
92935,14007,244
92938,14005,235
92942,14006,227
92943,14005,232
92944,14002,231
92945,14002,229
92947,14003,224
92951,14003,216
92955,14002,205
92956,14002,208
92958,14001,204
93000,14001,200
93001,14002,200
93002,14002,219
93003,14001,241
93005,13999,239
93006,13997,237
93007,13996,238
93008,13998,241
93009,13997,244
93010,13997,246
93011,13997,243
93012,13997,247
93016,13995,241
93017,13995,243
93018,13994,241
93020,13994,238
93022,13994,235
93023,13994,234
93024,13993,232
93025,13993,246
93026,13992,248
93027,13991,249
93028,13993,254
93029,13993,254
93030,13993,251
93031,13995,255
93032,13996,253
93033,13997,274
93034,13997,272
93035,13997,273
93036,13998,279
93037,13998,277
93038,13999,276
93039,13996,293
93040,13994,301
93041,13993,305
93042,13996,304
93043,13996,303
93044,13993,349
93045,13994,345
93046,13992,344
93047,13992,340
93048,13992,338
93049,13992,337
93050,13993,343
93051,13993,342
93052,13992,338
93053,13993,337
93054,13993,333
93056,13993,325
93057,13994,324
93058,13994,321
93100,13994,317
93101,13994,314
93102,13993,314
93103,13993,312
93104,13994,308
93108,13993,291
93109,13992,288
93112,13992,275
93113,13993,276
93115,13992,269
93116,13991,271
93117,13991,267
93119,13992,259
93120,13992,261
93121,13992,259
93122,13993,257
93123,13994,253
93125,13996,252
93127,13995,245
93128,13996,242
93131,13995,236
93135,13994,223
93136,13994,222
93137,13992,221
93138,13991,219
93140,13992,213
93142,13992,210
93143,13991,208
93144,13992,208
93145,13990,208
93146,13991,205
93147,13991,203
93148,13991,204
93150,13991,203
93151,13991,201
93153,13991,198
93154,13990,196
93155,13988,197
93156,13987,194
93157,13986,196
93158,13986,196
93159,13986,204
93200,13986,201
93201,13984,206
93202,13985,203
93203,13985,202
93204,13984,206
93205,13982,209
93206,13982,215
93207,13982,217
93209,13980,235
93210,13979,234
93211,13978,232
93212,13978,230
93213,13979,228
93214,13977,229
93215,13977,238
93216,13978,234
93217,13978,241
93218,13976,246
93219,13973,244
93220,13974,261
93223,13975,253
93224,13972,266
93226,13974,257
93227,13975,257
93228,13974,257
93229,13973,255
93230,13975,272
93231,13976,289
93232,13975,286
93234,13974,282
93235,13973,279
93237,13972,275
93238,13971,288
93239,13971,315
93240,13969,320
93241,13968,320
93242,13968,329
93243,13967,326
93244,13967,334
93245,13970,345
93247,13969,349
93248,13968,346
93249,13969,345
93250,13967,360
93251,13968,362
93252,13968,360
93253,13968,366
93254,13966,363
93255,13966,366
93256,13966,363
93257,13966,366
93258,13964,365
93259,13962,372
93300,13964,379
93301,13964,386
93302,13968,392
93303,13967,392
93304,13967,390
93305,13969,391
93306,13970,391
93307,13970,392
93308,13968,394
93309,13967,405
93310,13966,402
93311,13966,408
93312,13963,408
93313,13963,408
93314,13963,408
93317,13962,393
93318,13962,393
93319,13963,396
93320,13963,393
93321,13963,390
93322,13965,390
93323,13966,385
93324,13966,388
93325,13966,411
93326,13967,407
93327,13966,404
93328,13966,400
93329,13967,398
93330,13967,401
93331,13967,397
93332,13965,396
93333,13965,397
93334,13963,398
93335,13964,396
93337,13963,392
93338,13963,388
93339,13962,385
93341,13963,375
93343,13962,365
93344,13962,360
93345,13963,360
93346,13964,357
93347,13963,355
93348,13964,353
93349,13963,354
93350,13962,363
93351,13961,365
93352,13961,366
93353,13961,379
93354,13963,375
93355,13963,375
93357,13962,364
93358,13962,360
93359,13962,363
93400,13962,364
93401,13959,371
93402,13958,373
93403,13960,370
93404,13959,369
93405,13961,364
93406,13961,360
93407,13962,367
93409,13962,356
93410,13962,353
93411,13961,358
93412,13962,356
93413,13962,353
93415,13962,352
93416,13961,348
93418,13961,337
93419,13960,343
93420,13961,337
93421,13960,334
93422,13961,331
93423,13960,336
93424,13962,334
93425,13961,331
93426,13961,327
93427,13961,331
93429,13960,323
93430,13959,319
93431,13960,316
93432,13959,333
93433,13957,334
93434,13955,333
93435,13956,330
93438,13956,331
93439,13955,357
93440,13954,352
93441,13954,348
93442,13953,345
93443,13953,341
93444,13954,339
93445,13953,334
93446,13951,339
93447,13951,348
93448,13951,346
93449,13952,346
93450,13952,345
93452,13952,337
93453,13953,352
93454,13952,349
93455,13952,350
93456,13954,358
93457,13954,360
93458,13955,357
93459,13955,359
93500,13955,357
93501,13954,355
93502,13953,421
93503,13957,423
93504,13957,420
93505,13957,417
93506,13958,415
93507,13957,420
93508,13957,415
93510,13958,411
93511,13957,408
93512,13958,407
93513,13955,408
93514,13954,414
93515,13954,410
93517,13954,401
93521,13954,380
93522,13954,388
93523,13954,385
93524,13955,380
93525,13955,380
93528,13955,369
93530,13954,359
93531,13954,355
93532,13955,351
93533,13953,351
93534,13953,349
93536,13952,356
93538,13953,352
93539,13953,347
93541,13951,371
93543,13949,375
93544,13948,379
93545,13948,376
93546,13949,371
93547,13949,377
93548,13950,375
93549,13951,373
93550,13952,377
93551,13952,374
93552,13952,370
93554,13954,383
93555,13955,380
93557,13953,373
93558,13954,369
93559,13952,373
93600,13952,368
93602,13954,361
93603,13952,365
93605,13952,356
93606,13952,359
93607,13951,355
93608,13951,353
93609,13952,352
93611,13951,343
93612,13952,338
93613,13952,334
93614,13952,330
93616,13951,336
93617,13950,332
93619,13949,324
93620,13950,321
93621,13951,326
93622,13951,321
93623,13951,320
93624,13951,320
93625,13952,316
93626,13955,336
93627,13956,345
93628,13959,356
93629,13958,376
93630,13960,382
93631,13960,383
93632,13957,384
93633,13956,381
93634,13958,388
93635,13959,386
93636,13959,382
93637,13958,380
93638,13959,376
93639,13958,375
93640,13957,371
93642,13958,368
93643,13955,365
93644,13955,362
93645,13956,359
93646,13956,355
93647,13955,351
93648,13955,347
93649,13955,344
93650,13957,343
93651,13956,344
93652,13955,347
93653,13956,344
93654,13956,339
93655,13955,334
93656,13956,332
93657,13956,328
93658,13957,333
93659,13956,333
93700,13956,329
93701,13954,329
93702,13954,332
93703,13953,329
93704,13953,327
93707,13952,320
93708,13951,321
93709,13951,318
93710,13951,314
93711,13953,321
93712,13953,319
93713,13953,315
93715,13953,307
93716,13954,303
93717,13954,300
93718,13954,299
93720,13955,293
93721,13955,295
93724,13955,285
93725,13954,281
93726,13955,287
93727,13955,285
93728,13954,289
93729,13956,285
93730,13955,282
93733,13955,273
93734,13955,286
93736,13957,278
93738,13957,270
93739,13958,271
93740,13959,270
93741,13960,268
93742,13962,268
93743,13962,278
93744,13963,279
93745,13967,281
93746,13965,279
93747,13965,276
93748,13964,277
93749,13964,275
93750,13964,273
93751,13964,269
93752,13965,268
93753,13965,284
93755,13964,275
93756,13964,273
93757,13964,271
93758,13963,268
93759,13965,266
93800,13965,264
93801,13968,267
93802,13969,265
93803,13967,269
93804,13967,271
93805,13966,268
93806,13965,288
93807,13967,291
93809,13967,293
93810,13968,293
93811,13966,289
93813,13966,281
93817,13968,263
93818,13967,265
93819,13966,261
93821,13966,255
93822,13967,252
93823,13969,252
93824,13969,257
93826,13967,254
93827,13967,252
93828,13967,257
93831,13969,256
93832,13971,252
93833,13970,251
93834,13971,247
93835,13970,257
93836,13970,256
93837,13970,253
93840,13970,246
93841,13971,243
93842,13971,243
93843,13971,241
93844,13971,245
93845,13971,246
93847,13970,250
93848,13970,248
93849,13970,250
93850,13969,250
93852,13968,248
93853,13969,248
93854,13969,253
93856,13969,248
93859,13969,250
93900,13968,248
93901,13968,245
93902,13966,250
93903,13964,250
93904,13964,254
93905,13964,254
93906,13965,261
93907,13964,258
93908,13964,257
93909,13964,254
93910,13964,254
93912,13963,249
93914,13960,250
93915,13961,257
93916,13963,262
93917,13962,263
93918,13963,260
93919,13964,270
93920,13964,274
93921,13964,272
93922,13964,269
93923,13964,269
93924,13964,267
93925,13965,264
93926,13964,262
93930,13965,248
93931,13967,253
93933,13968,248
93935,13968,241
93938,13969,230
93939,13967,231
93941,13969,240
93942,13971,237
93944,13971,231
93945,13970,229
93946,13970,230
93949,13970,220
93952,13971,212
93953,13971,209
93955,13971,210
93956,13970,207
93958,13970,202
93959,13970,200
94000,13970,199
94001,13970,200
94004,13968,192
94006,13968,185
94007,13969,185
94008,13969,183
94009,13967,190
94010,13963,196
94011,13963,193
94013,13963,192
94015,13964,189
94016,13964,191
94017,13966,191
94020,13966,185
94022,13969,188
94024,13968,182
94025,13970,180
94027,13970,178
94029,13970,174
94030,13969,172
94035,13969,159
94036,13970,158
94037,13971,163
94040,13972,155
94041,13972,154
94047,13971,138
94048,13970,141
94050,13970,137
94051,13970,137
94052,13971,135
94054,13971,132
94055,13970,130
94056,13970,129
94058,13970,125
94059,13969,124
94100,13970,122
94101,13970,121
94102,13970,121
94103,13971,123
94104,13970,124
94105,13971,122
94106,13971,122
94107,13971,123
94108,13971,122
94110,13972,123
94111,13970,138
94112,13971,136
94113,13971,136
94114,13971,138
94115,13972,136
94118,13972,134
94120,13973,140
94121,13974,141
94122,13975,147
94123,13976,150
94124,13976,154
94125,13977,156
94126,13979,163
94127,13979,163
94128,13979,167
94130,13978,167
94131,13978,167
94132,13978,167
94133,13979,170
94134,13979,170
94135,13978,169
94136,13979,171
94137,13980,171
94138,13980,172
94139,13982,196
94140,13979,196
94142,13981,201
94144,13982,198
94145,13982,208
94147,13982,219
94148,13983,231
94150,13983,236
94151,13984,243
94152,13985,243
94153,13985,241
94154,13984,250
94155,13984,268
94156,13985,267
94157,13986,269
94158,13984,277
94159,13985,274
94200,13986,277
94201,13986,277
94202,13986,279
94203,13986,278
94204,13985,285
94205,13985,288
94206,13984,296
94207,13983,301
94208,13982,333
94209,13978,344
94210,13980,345
94211,13980,345
94213,13981,341
94214,13978,410
94215,13977,409
94217,13979,407
94218,13979,407
94219,13980,404
94220,13979,404
94221,13978,409
94222,13980,419
94224,13980,413
94225,13981,409
94226,13982,406
94227,13984,406
94229,13983,401
94230,13983,397
94231,13984,394
94232,13984,392
94233,13985,393
94234,13984,389
94237,13984,378
94238,13984,376
94239,13985,374
94240,13985,373
94244,13985,363
94245,13984,369
94252,13984,337
94253,13985,333
94255,13984,324
94256,13984,321
94257,13986,318
94259,13985,309
94300,13985,305
94303,13984,292
94304,13982,295
94305,13983,293
94312,13985,259
94317,13985,238
94324,13984,206
94326,13982,202
94332,13983,177
94334,13984,169
94336,13984,164
94337,13985,161
94338,13985,159
94340,13986,153
94342,13986,146
94343,13987,148
94344,13987,146
94345,13989,147
94346,13989,144
94347,13989,141
94349,13989,136
94350,13989,144
94352,13987,137
94354,13985,136
94355,13983,134
94400,13983,121
94401,13981,124
94402,13981,121
94403,13981,122
94404,13980,124
94406,13979,118
94407,13978,116
94408,13977,112
94409,13976,113
94410,13976,113
94412,13975,132
94413,13974,140
94414,13973,140
94415,13972,144
94416,13972,143
94418,13972,141
94422,13975,147
94427,13976,138
94428,13976,138
94429,13974,140
94431,13975,137
94433,13975,139
94434,13976,138
94436,13977,137
94440,13976,130
94442,13975,128
94443,13976,129
94444,13976,128
94449,13978,130
94454,13977,123
94458,13975,117
94459,13974,116
94500,13974,131
94501,13972,133
94502,13969,158
94504,13969,154
94505,13970,155
94506,13968,158
94507,13971,172
94508,13973,174
94509,13974,176
94510,13975,175
94511,13976,185
94512,13977,189
94513,13977,190
94514,13977,191
94515,13977,192
94517,13977,192
94518,13976,190
94520,13976,187
94523,13974,183
94524,13974,182
94527,13975,176
94532,13974,166
94533,13973,167
94537,13974,158
94542,13975,147
94543,13975,149
94546,13974,147
94547,13971,145
94551,13973,137
94552,13974,136
94555,13973,132
94557,13975,129
94559,13975,126
94601,13976,126
94602,13976,126
94603,13975,124
94604,13975,123
94605,13975,123
94613,13975,105
94617,13976,104
94619,13975,105
94620,13977,104
94621,13977,105
94622,13978,104
94623,13979,103
94624,13979,111
94625,13981,114
94626,13982,117
94627,13982,118
94628,13982,117
94629,13982,121
94630,13985,141
94631,13983,141
94632,13984,140
94635,13984,134
94636,13986,134
94637,13986,135
94638,13986,135
94640,13986,147
94641,13985,148
94642,13984,149
94643,13984,151
94646,13984,145
94648,13984,142
94649,13983,142
94653,13983,138
94657,13982,130
94658,13983,130
94700,13984,126
94702,13984,124
94704,13986,155
94705,13984,153
94710,13983,145
94711,13981,143
94712,13981,147
94713,13979,152
94715,13980,149
94717,13982,148
94719,13981,145
94721,13982,149
94724,13982,153
94728,13983,146
94729,13983,145
94732,13982,140
94733,13984,140
94736,13984,136
94738,13983,133
94741,13983,130
94744,13983,126
94745,13981,128
94747,13982,140
94748,13977,141
94749,13977,140
94753,13977,132
94755,13976,129
94756,13977,128
94800,13976,121
94801,13974,121
94802,13974,120
94803,13974,119
94804,13973,119
94805,13973,120
94807,13973,117
94808,13973,117
94809,13975,126
94815,13974,114
94817,13973,112
94818,13973,111
94819,13973,109
94821,13974,106
94823,13972,103
94825,13974,99
94826,13973,98
94827,13972,97
94829,13971,94
94830,13973,92
94832,13972,90
94833,13972,91
94834,13971,91
94835,13972,90
94836,13971,89
94842,13970,83
94844,13968,82
94846,13970,80
94849,13970,85
94850,13971,84
94851,13972,88
94853,13973,89
94855,13974,88
94857,13973,85
94901,13973,80
94905,13971,76
94907,13969,80
94909,13970,79
94912,13971,76
94913,13972,78
94914,13970,77
94916,13971,77
94921,13970,79
94924,13973,88
94927,13971,89
94931,13970,86
94933,13970,87
94934,13968,91
94935,13970,91
94937,13969,91
94938,13970,90
94940,13971,91
94941,13971,93
94943,13971,93
94945,13971,96
94946,13972,96
94947,13972,97
94948,13973,97
94949,13973,96
94950,13973,100
94951,13972,113
94952,13971,113
94954,13972,111
94955,13972,115
94956,13973,115
94957,13972,121
94958,13972,123
94959,13972,125
95000,13972,128
95001,13972,132
95003,13974,131
95004,13975,143
95005,13973,154
95006,13971,161
95007,13969,161
95008,13971,164
95009,13970,193
95011,13970,194
95012,13968,195
95013,13968,196
95015,13968,193
95016,13968,201
95017,13969,201
95019,13968,209
95020,13970,209
95021,13970,208
95023,13971,206
95024,13972,204
95025,13971,203
95026,13973,202
95027,13972,200
95029,13971,196
95033,13972,188
95044,13972,164
95045,13973,164
95046,13973,163
95047,13974,161
95048,13974,161
95053,13974,155
95054,13976,159
95055,13975,157
95056,13976,156
95058,13975,153
95059,13975,154
95100,13974,157
95101,13974,158
95104,13972,154
95105,13972,157
95106,13975,168
95108,13975,164
95109,13974,162
95111,13975,165
95114,13975,160
95115,13974,158
95116,13974,159
95120,13973,150
95121,13973,149
95122,13973,152
95123,13973,153
95124,13973,157
95126,13972,153
95130,13971,144
95133,13970,138
95134,13969,141
95136,13970,147
95137,13970,145
95142,13970,134
95143,13969,132
95145,13969,129
95147,13969,129
95148,13968,128
95149,13968,126
95151,13967,123
95152,13971,160
95153,13972,158
95154,13974,157
95156,13974,154
95157,13976,153
95200,13976,213
95201,13980,218
95202,13980,224
95203,13981,225
95204,13981,234
95205,13981,232
95206,13982,248
95209,13981,241
95210,13980,239
95211,13981,238
95214,13981,231
95215,13981,231
95216,13980,230
95217,13979,228
95220,13979,223
95221,13978,224
95224,13979,217
95225,13980,216
95228,13978,210
95231,13977,204
95238,13975,187
95240,13973,185
95245,13973,172
95247,13973,173
95251,13976,164
95254,13977,156
95256,13977,153
95257,13978,151
95259,13978,147
95300,13978,145
95301,13979,144
95304,13979,142
95308,13980,134
95309,13980,134
95311,13981,141
95313,13980,138
95314,13981,139
95315,13981,137
95318,13981,135
95319,13980,133
95320,13982,133
95321,13983,182
95322,13980,180
95324,13979,180
95325,13978,178
95326,13977,177
95327,13979,175
95329,13980,170
95330,13979,175
95331,13980,174
95332,13980,172
95333,13980,171
95337,13982,170
95338,13982,170
95339,13983,169
95340,13983,167
95341,13983,166
95342,13984,166
95345,13986,159
95346,13986,157
95352,13986,140
95353,13986,139
95354,13985,137
95356,13985,133
95400,13983,121
95402,13984,120
95404,13984,116
95405,13986,157
95408,13985,151
95409,13986,153
95410,13988,154
95411,13987,154
95412,13987,153
95413,13988,153
95414,13986,152
95418,13986,146
95419,13985,146
95423,13986,140
95425,13984,138
95426,13984,138
95427,13983,143
95428,13981,143
95429,13983,142
95430,13983,146
95431,13984,145
95432,13984,150
95433,13984,168
95434,13985,167
95435,13985,165
95439,13984,158
95441,13984,154
95446,13983,145
95448,13984,144
95450,13984,145
95451,13985,144
95452,13986,145
95453,13987,143
95455,13988,141
95456,13987,144
95457,13988,143
95500,13988,138
95501,13987,139
95502,13988,137
95505,13988,132
95508,13987,126
95514,13986,113
95515,13984,113
95516,13984,114
95524,13983,101
95530,13985,92
95533,13986,94
95535,13982,94
95539,13982,89
95540,13981,88
95541,13981,89
95543,13980,89
95546,13982,85
95549,13982,87
95550,13980,90
95552,13979,89
95554,13978,88
95559,13978,82
95601,13977,80
95602,13976,80
95603,13975,80
95604,13974,82
95606,13974,83
95611,13975,78
95612,13974,80
95613,13976,80
95617,13975,76
95620,13974,74
95626,13973,72
95633,13974,64
95634,13972,64
95635,13972,65
95636,13973,67
95637,13973,67
95638,13974,67
95640,13975,69
95644,13976,68
95647,13975,67
95649,13974,65
95653,13974,62
95655,13974,62
95701,13975,58
95704,13975,57
95706,13976,62
95708,13975,62
95712,13975,60
95713,13974,61
95715,13975,61
95716,13976,61
95717,13976,61
95718,13976,64
95720,13976,64
95721,13976,64
95723,13975,67
95724,13974,66
95725,13975,66
95726,13974,67
95729,13974,66
95732,13976,64
95736,13974,61
95737,13974,61
95738,13972,64
95740,13972,71
95741,13970,71
95743,13971,70
95747,13971,80
95748,13969,81
95749,13969,80
95750,13967,81
95752,13967,82
95753,13967,83
95754,13968,89
95756,13969,112
95757,13969,113
95803,13968,110
95804,13963,132
95805,13961,133
95806,13961,134
95807,13961,133
95808,13964,138
95809,13964,156
95810,13968,158
95811,13969,159
95812,13968,159
95813,13967,158
95814,13966,161
95818,13968,156
95820,13968,153
95821,13969,153
95825,13968,152
95828,13970,148
95830,13970,152
95832,13971,149
95835,13972,147
95838,13970,142
95841,13970,138
95845,13971,134
95846,13968,133
95849,13968,129
95850,13966,128
95852,13967,125
95856,13967,119
95857,13965,120
95858,13967,119
95903,13968,111
95904,13969,110
95905,13969,113
95906,13967,112
95907,13966,111
95908,13967,110
95909,13967,110
95911,13966,108
95914,13967,103
95915,13963,111
95918,13962,106
95921,13963,102
95922,13964,101
95924,13963,100
95925,13964,100
95927,13964,97
95928,13965,96
95929,13966,95
95930,13965,94
95933,13966,91
95938,13966,83
95939,13964,82
95941,13965,82
95949,13967,68
95951,13967,67
95952,13968,66
95954,13966,64
95958,13964,60
95959,13963,60
100000,13963,59
100001,13962,61
100002,13961,71
100003,13959,82
100005,13958,83
100006,13959,83
100007,13959,83
100011,13958,81
100012,13960,86
100013,13959,94
100015,13959,102
100017,13958,114
100019,13960,112
100022,13961,114
100023,13961,115
100025,13961,113
100028,13960,119
100029,13958,119
100030,13959,119
100032,13960,118
100035,13961,116
100039,13961,113
100040,13961,119
100043,13962,118
100044,13962,119
100050,13963,115
100051,13962,115
100053,13961,115
100057,13961,113
100058,13961,113
100100,13960,113
100101,13959,114
100102,13958,114
100103,13958,115
100106,13958,117
100107,13959,120
100109,13958,120
100111,13959,118
100112,13959,118
100114,13960,115
100115,13961,115
100117,13960,113
100122,13959,107
100126,13958,106
100127,13958,106
100128,13957,106
100129,13957,111
100130,13956,123
100131,13958,133
100133,13958,132
100134,13958,132
100135,13957,131
100136,13957,130
100138,13958,128
100139,13956,127
100142,13957,122
100143,13957,124
100145,13958,129
100147,13957,131
100148,13957,132
100149,13957,131
100150,13957,134
100153,13958,129
100155,13957,131
100156,13956,133
100158,13956,133
100200,13956,130
100201,13957,128
100202,13956,128
100203,13956,126
100204,13957,126
100206,13957,124
100211,13956,115
100212,13957,114
100213,13956,113
100215,13956,109
100218,13956,127
100219,13954,126
100220,13955,131
100222,13954,134
100223,13954,141
100227,13953,136
100228,13952,141
100229,13951,148
100231,13953,152
100234,13952,157
100235,13950,160
100237,13950,158
100238,13949,158
100239,13948,162
100240,13947,189
100241,13948,199
100243,13946,197
100244,13948,198
100245,13949,197
100246,13949,196
100249,13949,189
100251,13946,203
100253,13949,210
100255,13946,207
100256,13946,216
100257,13946,220
100258,13946,225
100300,13950,229
100301,13948,227
100303,13948,225
100304,13948,224
100305,13949,224
100306,13950,226
100307,13951,224
100309,13952,220
100311,13952,215
100313,13952,213
100314,13952,212
100315,13952,210
100317,13954,205
100318,13952,208
100320,13952,204
100322,13952,199
100325,13951,191
100327,13953,187
100330,13956,180
100332,13956,177
100333,13956,175
100334,13956,176
100336,13956,174
100337,13957,172
100339,13955,172
100343,13953,162
100345,13952,161
100352,13953,143
100359,13955,130
100402,13955,133
100403,13953,133
100406,13953,126
100407,13952,125
100410,13951,119
100411,13952,117
100412,13953,119
100413,13953,117
100414,13952,116
100415,13951,122
100417,13952,120
100419,13953,115
100420,13954,113
100421,13957,114
100422,13955,112
100423,13957,111
100424,13956,113
100425,13958,112
100426,13958,112
100428,13958,109
100430,13956,110
100432,13956,106
100433,13954,105
100436,13953,107
100437,13953,109
100438,13953,107
100439,13953,112
100441,13953,107
100443,13953,105
100446,13953,100
100453,13954,90
100454,13951,96
100455,13950,97
100458,13950,99
100501,13952,99
100502,13950,99
100503,13952,98
100504,13950,102
100506,13951,100
100507,13949,99
100508,13948,101
100509,13947,103
100510,13947,103
100511,13948,124
100512,13945,128
100513,13947,127
100516,13948,124
100517,13949,126
100522,13948,118
100523,13946,120
100525,13947,118
100526,13946,117
100527,13948,130
100529,13950,135
100530,13952,135
100533,13952,134
100534,13952,134
100535,13951,133
100538,13951,130
100546,13950,123
100548,13948,121
100549,13949,121
100550,13949,123
100555,13949,115
100556,13946,125
100557,13945,124
100558,13946,124
100559,13945,132
100600,13946,134
100601,13946,133
100603,13945,130
100604,13945,137
100605,13944,137
100607,13943,146
100608,13942,151
100609,13943,157
100610,13945,168
100611,13946,166
100612,13946,166
100614,13946,163
100615,13947,164
100616,13947,162
100618,13948,162
100619,13949,164
100620,13948,162
100621,13949,161
100623,13949,158
100624,13948,158
100625,13947,157
100626,13946,156
100630,13947,149
100635,13947,141
100636,13947,143
100638,13948,140
100641,13947,134
100642,13946,147
100644,13946,144
100646,13947,141
100647,13946,141
100649,13946,139
100651,13945,140
100652,13946,139
100654,13945,136
100656,13946,133
100658,13945,129
100659,13945,131
100703,13947,123
100705,13948,128
100706,13949,128
100707,13949,131
100708,13950,133
100709,13948,155
100711,13950,153
100713,13949,152
100714,13950,152
100715,13951,154
100717,13950,153
100719,13950,151
100720,13951,153
100722,13952,154
100723,13952,153
100725,13951,150
100731,13951,137
100732,13951,138
100740,13951,124
100741,13950,123
100745,13950,119
100752,13950,114
100755,13949,114
100757,13948,113
100758,13948,116
100759,13947,120
100800,13946,119
100801,13947,119
100804,13947,115
100805,13948,117
100806,13948,116
100807,13949,118
100809,13950,115
100811,13950,113
100812,13952,112
100815,13953,108
100816,13951,107
100818,13951,113
100819,13951,112
100820,13951,118
100824,13951,114
100825,13949,116
100832,13949,107
100841,13953,96
100843,13952,93
100844,13953,102
100845,13955,102
100846,13955,101
100847,13953,128
100849,13956,126
100850,13954,129
100851,13956,130
100852,13956,135
100853,13957,135
100855,13957,132
100856,13956,135
100857,13955,135
100858,13955,142
100859,13956,143
100900,13957,142
100901,13957,141
100902,13958,150
100903,13958,151
100904,13957,150
100905,13957,151
100906,13958,151
100907,13959,154
100908,13958,152
100911,13957,146
100912,13957,145
100913,13957,144
100914,13957,147
100919,13958,143
100921,13958,140
100922,13961,143
100923,13961,142
100924,13961,148
100925,13960,148
100928,13960,144
100930,13961,151
100931,13963,152
100932,13963,159
100933,13965,164
100935,13965,167
100936,13966,168
100937,13966,168
100940,13965,164
100941,13965,166
100942,13966,178
100943,13966,178
100948,13965,172
100950,13966,172
100952,13966,177
100955,13964,172
100957,13963,186
100959,13963,184
101001,13962,182
101003,13964,180
101004,13964,180
101010,13965,167
101015,13966,159
101016,13966,158
101020,13967,148
101022,13967,146
101024,13967,143
101026,13967,148
101030,13966,143
101031,13966,142
101032,13966,140
101033,13965,140
101035,13964,151
101036,13963,151
101038,13963,148
101040,13964,145
101041,13964,143
101043,13964,140
101044,13964,138
101045,13965,136
101046,13964,136
101049,13965,129
101051,13965,127
101054,13965,122
101059,13966,111
101100,13967,110
101101,13967,112
101102,13968,111
101103,13968,111
101104,13965,111
101105,13965,113
101114,13964,96
101117,13965,93
101119,13964,94
101121,13965,91
101123,13965,88
101124,13966,87
101125,13964,86
101129,13963,81
101132,13964,76
101133,13965,75
101139,13964,68
101140,13965,67
101141,13965,67
101142,13967,69
101143,13967,69
101144,13968,71
101150,13968,78
101151,13970,77
101152,13969,78
101154,13970,79
101158,13969,75
101200,13969,73
101201,13970,76
101204,13969,73
101205,13969,78
101207,13970,78
101208,13970,78
101209,13970,78
101210,13971,80
101211,13970,81
101212,13971,81
101213,13970,108
101214,13970,108
101221,13971,100
101222,13969,109
101226,13970,107
101232,13972,99
101236,13971,97
101237,13973,97
101239,13972,98
101241,13973,97
101242,13972,100
101244,13971,101
101247,13971,99
101248,13971,100
101249,13970,104
101251,13969,102
101253,13969,100
101256,13969,98
101301,13969,103
101302,13969,105
101303,13970,106
101304,13970,106
101307,13969,102
101309,13969,104
101310,13970,104
101311,13969,104
101313,13970,102
101314,13968,101
101317,13969,98
101322,13970,95
101324,13971,93
101327,13970,91
101329,13970,94
101333,13972,89
101334,13970,95
101336,13971,94
101342,13970,86
101343,13970,89
101344,13971,88
101347,13972,89
101351,13971,85
101354,13972,82
101358,13972,80
101404,13973,73
101408,13972,71
101410,13972,72
101414,13972,67
101423,13972,58
101431,13973,52
101433,13973,64
101434,13976,65
101440,13975,60
101442,13974,59
101447,13974,54
101453,13974,51
101457,13974,48
101458,13974,48
101459,13973,48
101500,13972,50
101501,13970,55
101503,13970,57
101504,13970,57
101512,13971,60
101514,13971,59
101515,13970,62
101516,13971,62
101519,13971,61
101521,13970,68
101524,13971,67
101525,13969,77
101527,13969,75
101528,13969,77
101529,13969,77
101530,13969,82
101532,13969,84
101533,13969,85
101539,13969,83
101541,13971,87
101542,13972,87
101543,13972,87
101546,13971,87
101552,13971,85
101554,13968,86
101555,13968,86
101558,13967,84
101559,13968,89
101601,13967,89
101603,13968,90
101606,13968,87
101611,13967,86
101613,13968,85
101614,13966,87
101616,13967,88
101617,13968,92
101619,13967,91
101623,13968,88
101626,13967,85
101629,13966,103
101637,13968,93
101638,13968,92
101646,13968,83
101648,13968,87
101652,13968,84
101654,13965,96
101656,13966,94
101658,13966,94
101702,13966,89
101703,13965,88
101705,13965,86
101707,13966,85
101708,13965,95
101709,13964,96
101711,13964,94
101712,13963,93
101715,13962,93
101716,13962,102
101717,13960,104
101720,13958,101
101721,13958,103
101723,13958,101
101725,13957,98
101726,13958,102
101727,13957,106
101728,13958,106
101730,13958,107
101734,13958,102
101735,13958,106
101736,13960,105
101739,13960,105
101742,13962,102
101747,13959,104
101748,13959,104
101750,13959,102
101751,13960,108
101756,13960,102
101758,13960,100
101802,13961,96
101804,13959,95
101806,13961,108
101807,13963,111
101809,13964,111
101810,13965,114
101812,13966,113
101815,13964,109
101818,13963,105
101820,13965,103
101824,13965,98
101828,13965,93
101832,13964,90
101835,13963,87
101836,13962,87
101837,13965,87
101841,13965,87
101842,13967,88
101848,13966,80
101852,13965,75
101856,13964,70
101858,13963,69
101900,13965,67
101904,13966,64
101906,13965,64
101910,13964,59
101914,13964,57
101918,13963,55
101922,13962,52
101923,13963,52
101928,13964,48
101929,13963,48
101930,13963,48
101939,13962,41
101942,13964,39
101943,13965,39
101944,13964,39
101945,13964,40
101947,13964,38
101950,13966,42
101953,13966,40
102000,13966,36
102001,13965,36
102002,13967,42
102003,13969,42
102004,13969,43
102006,13967,42
102008,13967,42
102009,13967,43
102010,13967,44
102011,13968,45
102012,13967,45
102014,13968,45
102015,13969,45
102016,13968,46
102017,13969,47
102018,13967,53
102020,13970,54
102021,13969,54
102024,13969,55
102027,13970,54
102032,13968,51
102034,13970,53
102039,13972,52
102043,13972,50
102045,13972,54
102046,13972,54
102050,13972,52
102051,13973,52
102053,13972,53
102054,13972,53
102055,13972,55
102059,13972,55
102101,13971,54
102104,13971,53
102108,13972,53
102109,13973,54
102110,13974,55
102113,13975,55
102114,13977,64
102118,13978,66
102121,13976,67
102124,13975,66
102125,13974,68
102127,13974,68
102128,13976,68
102131,13976,66
102134,13977,65
102138,13974,62
102140,13974,62
102141,13975,62
102142,13973,71
102148,13972,68
102150,13971,67
102151,13971,67
102153,13970,67
102155,13971,72
102156,13969,78
102157,13971,100
102158,13972,102
102202,13972,98
102203,13971,102
102206,13974,100
102207,13974,102
102208,13972,105
102209,13971,104
102211,13972,103
102212,13972,108
102213,13972,108
102214,13974,108
102223,13972,98
102225,13971,100
102226,13971,100
102230,13970,97
102231,13965,132
102232,13965,131
102233,13965,135
102234,13964,138
102235,13960,141
102236,13960,143
102238,13961,164
102239,13961,164
102240,13960,163
102241,13960,186
102242,13959,185
102243,13961,184
102248,13960,179
102249,13963,180
102252,13963,178
102254,13964,174
102256,13963,173
102257,13963,173
102300,13964,167
102302,13962,166
102303,13959,168
102304,13959,170
102306,13959,169
102312,13959,158
102319,13958,144
102320,13957,144
102322,13956,140
102324,13956,137
102325,13957,137
102326,13955,138
102328,13955,144
102334,13955,146
102336,13956,150
102339,13957,144
102340,13957,146
102342,13959,155
102347,13960,147
102348,13959,147
102349,13959,148
102351,13959,144
102356,13960,133
102358,13961,131
102359,13962,129
102405,13962,119
102407,13962,115
102410,13961,119
102412,13960,130
102413,13961,131
102428,13960,100
102429,13959,99
102451,13960,61
102453,13961,60
102454,13962,65
102458,13962,62
102501,13963,64
102502,13963,64
102503,13965,65
102504,13965,68
102505,13966,67
102507,13965,66
102509,13966,68
102511,13964,66
102512,13963,67
102513,13963,67
102514,13962,67
102516,13963,65
102519,13961,65
102525,13960,61
102526,13960,63
102531,13960,61
102532,13960,61
102535,13960,58
102538,13961,56
102542,13961,54
102543,13958,56
102546,13957,58
102549,13957,56
102550,13956,56
102551,13956,59
102552,13956,88
102553,13954,88
102554,13956,90
102556,13956,95
102557,13954,95
102558,13956,96
102559,13956,96
102603,13956,96
102604,13957,101
102606,13957,100
102610,13957,95
102615,13959,90
102620,13958,138
102621,13955,149
102622,13957,149
102626,13956,147
102628,13957,145
102629,13959,146
102630,13959,163
102631,13962,165
102632,13962,166
102633,13960,170
102637,13958,164
102638,13957,188
102640,13959,189
102645,13958,180
102647,13957,181
102652,13958,173
102655,13958,167
102701,13959,155
102702,13957,154
102707,13959,146
102709,13957,195
102710,13960,194
102713,13961,195
102720,13959,180
102721,13961,181
102722,13960,180
102723,13961,179
102724,13962,186
102725,13960,184
102731,13960,173
102733,13962,168
102736,13963,162
102737,13963,165
102738,13964,165
102741,13965,160
102742,13967,159
102743,13967,158
102745,13967,154
102746,13969,153
102748,13969,149
102750,13968,145
102757,13966,130
102758,13967,128
102804,13968,116
102808,13967,110
102809,13968,110
102812,13969,105
102813,13971,107
102820,13972,89
102821,13970,88
102822,13971,91
102828,13971,81
102832,13970,77
102834,13972,75
102835,13972,75
102836,13973,74
102837,13972,75
102839,13974,72
102840,13974,71
102843,13974,68
102844,13972,68
102845,13973,73
102846,13975,73
102847,13976,73
102848,13977,73
102849,13975,73
102850,13974,74
102854,13975,69
102856,13975,69
102858,13976,72
102900,13978,70
102901,13978,76
102902,13977,78
102904,13977,77
102907,13978,79
102909,13977,78
102913,13977,78
102915,13978,77
102920,13977,72
102923,13976,71
102924,13977,75
102931,13975,73
102932,13971,82
102934,13971,89
102937,13970,87
102940,13969,85
102943,13969,88
102944,13971,90
102952,13972,83
102954,13971,81
103000,13971,79
103001,13968,81
103002,13970,85
103005,13972,91
103007,13971,90
103009,13973,91
103010,13974,92
103013,13975,89
103014,13974,90
103017,13974,87
103018,13973,89
103023,13974,84
103025,13974,83
103029,13972,80
103032,13971,79
103039,13972,71
103046,13973,63
103047,13972,68
103049,13974,71
103053,13973,67
103100,13971,60
103108,13971,53
103109,13973,66
103110,13973,67
103113,13972,71
103114,13971,71
103115,13971,71
103116,13973,73
103117,13971,75
103118,13970,75
103120,13971,76
103121,13968,75
103122,13969,75
103125,13969,72
103126,13970,76
103131,13969,71
103134,13969,68
103136,13967,81
103137,13970,81
103141,13968,77
103142,13969,77
103145,13968,76
103146,13969,77
103148,13970,78
103150,13970,77
103151,13971,79
103153,13972,78
103159,13971,72
103202,13971,73
103207,13973,71
103209,13973,70
103210,13972,74
103215,13971,70
103217,13971,69
103218,13972,69
103219,13972,69
103222,13971,68
103228,13972,64
103229,13970,69
103233,13970,69
103236,13971,67
103239,13969,67
103240,13968,68
103241,13968,68
103243,13968,69
103249,13968,67
103250,13967,70
103251,13965,74
103253,13964,75
103255,13964,74
103302,13966,77
103304,13970,75
103306,13971,74
103307,13972,75
103308,13971,75
103311,13971,73
103313,13972,71
103314,13971,73
103319,13970,68
103321,13968,68
103323,13968,68
103331,13968,63
103332,13968,65
103336,13966,61
103338,13967,60
103339,13966,61
103344,13965,57
103349,13966,55
103355,13965,53
103356,13964,53
103359,13965,52
103403,13965,49
103409,13965,47
103410,13963,47
103411,13963,47
103412,13962,48
103414,13962,49
103418,13962,46
103422,13961,46
103425,13962,45
103434,13963,38
103437,13963,37
103444,13964,33
103449,13966,31
103454,13964,28
103500,13965,28
103508,13966,25
103512,13967,24
103514,13969,24
103516,13969,28
103517,13969,28
103518,13969,30
103519,13969,31
103520,13968,33
103525,13968,31
103528,13964,31
103532,13964,30
103533,13962,36
103540,13963,34
103541,13964,35
103543,13963,35
103544,13963,36
103545,13964,36
103546,13964,37
103548,13963,37
103550,13962,38
103552,13960,40
103554,13960,49
103555,13959,51
103600,13960,59
103606,13959,61
103610,13960,59
103611,13959,59
103612,13959,61
103613,13959,65
103614,13961,65
103625,13962,58
103626,13962,61
103628,13962,62
103630,13962,62
103634,13963,61
103638,13965,59
103643,13966,56
103645,13966,58
103649,13969,56
103654,13968,54
103658,13969,52
103712,13966,41
103714,13968,44
103716,13970,44
103717,13969,46
103718,13969,46
103720,13969,46
103725,13968,44
103728,13969,42
103730,13969,43
103732,13969,42
103736,13968,55
103740,13970,54
103742,13972,54
103745,13971,53
103747,13973,53
103749,13971,52
103753,13972,49
103801,13972,43
103805,13972,43
103810,13972,42
103812,13972,46
103815,13969,59
103816,13969,59
103821,13969,57
103834,13970,48
103835,13969,50
103836,13966,56
103848,13967,48
103851,13966,47
103853,13967,48
103856,13969,47
103859,13970,46
103903,13970,44
103910,13970,42
103913,13972,41
103917,13972,39
103923,13969,36
103928,13969,33
103931,13970,32
103948,13970,25
103952,13969,24
103957,13969,25
103958,13968,26
104006,13968,23
104008,13967,23
104009,13966,29
104012,13966,32
104014,13964,33
104015,13964,33
104016,13966,35
104026,13967,31
104031,13967,30
104034,13966,31
104047,13966,26
104050,13967,28
104051,13967,28
104054,13967,29
104055,13968,30
104056,13969,30
104057,13969,31
104102,13969,30
104103,13969,31
104104,13969,32
104110,13969,31
104113,13969,31
104115,13970,32
104116,13969,35
104119,13968,35
104121,13967,41
104126,13968,41
104131,13969,39
104139,13970,36
104141,13971,40
104144,13971,39
104145,13971,39
104153,13969,36
104157,13972,34
104203,13972,33
104204,13971,33
104213,13971,29
104216,13971,28
104223,13971,27
104224,13972,35
104226,13972,35
104227,13973,35
104228,13973,36
104229,13972,37
104232,13974,44
104235,13973,43
104237,13974,44
104238,13975,44
104239,13975,45
104240,13975,45
104241,13976,47
104244,13977,48
104245,13977,51
104256,13975,44
104258,13974,44
104301,13975,46
104303,13973,47
104304,13973,48
104308,13973,46
104311,13972,46
104322,13972,41
104324,13971,41
104326,13971,46
104331,13973,44
104335,13973,43
104337,13974,43
104338,13974,44
104340,13974,43
104407,13972,31
104409,13971,34
104410,13973,45
104413,13974,47
104417,13975,45
104424,13973,41
104428,13974,44
104430,13972,44
104431,13970,49
104441,13972,47
104444,13975,46
104458,13974,42
104502,13975,42
104505,13974,42
104506,13974,43
104509,13975,45
104511,13972,44
104515,13971,45
104520,13970,45
104521,13967,49
104522,13968,52
104526,13967,52
104531,13969,53
104536,13968,55
104543,13969,52
104548,13967,50
104555,13968,46
104600,13966,44
104601,13966,44
104602,13965,46
104603,13967,48
104604,13967,48
104606,13968,48
104607,13968,48
104611,13968,48
104616,13966,45
104618,13964,47
104622,13965,47
104623,13966,48
104627,13966,48
104628,13965,49
104630,13965,57
104631,13964,58
104638,13964,54
104639,13965,54
104641,13965,53
104643,13966,53
104653,13967,50
104702,13966,50
104704,13963,50
104708,13963,48
104709,13962,57
104716,13962,52
104718,13963,53
104722,13963,50
104723,13963,50
104731,13964,45
104734,13964,46
104741,13964,43
104744,13965,42
104748,13965,40
104749,13965,41
104753,13965,39
104754,13965,39
104806,13965,32
104807,13966,33
104813,13966,31
104820,13965,28
104830,13968,30
104831,13971,32
104832,13971,32
104835,13970,32
104837,13971,34
104840,13970,33
104849,13969,31
104852,13970,31
104857,13969,29
104902,13968,27
104904,13968,28
104905,13967,30
104918,13967,27
104929,13966,25
104935,13967,24
104953,13966,20
104954,13967,22
104955,13969,24
104956,13969,27
105001,13968,26
105004,13970,29
105005,13973,32
105007,13971,32
105014,13972,31
105017,13973,33
105021,13972,33
105024,13972,33
105026,13973,33
105028,13972,33
105033,13972,34
105050,13970,29
105059,13969,28
105102,13968,29
105103,13968,30
105105,13968,31
105106,13969,32
105107,13968,32
105110,13969,34
105113,13968,34
105114,13968,36
105116,13967,38
105118,13967,38
105123,13966,40
105127,13966,39
105128,13966,40
105131,13966,40
105132,13966,44
105133,13967,44
105134,13968,46
105135,13969,47
105141,13969,44
105143,13969,44
105156,13969,36
105157,13969,37
105200,13970,36
105202,13970,36
105204,13970,40
105205,13972,45
105215,13972,40
105219,13972,38
105220,13971,42
105221,13970,42
105225,13970,41
105236,13971,35
105241,13971,41
105246,13970,39
105252,13970,36
105257,13970,48
105258,13966,49
105300,13965,49
105301,13966,56
105302,13965,62
105303,13965,69
105304,13966,70
105305,13965,70
105310,13964,68
105311,13962,68
105312,13964,68
105314,13962,68
105319,13962,65
105321,13964,71
105324,13964,69
105327,13964,71
105329,13963,70
105333,13962,68
105335,13961,67
105336,13961,67
105337,13960,69
105338,13961,73
105344,13960,69
105346,13960,68
105349,13960,69
105357,13962,63
105358,13963,68
105359,13962,68
105400,13963,68
105402,13962,67
105403,13960,79
105405,13960,84
105406,13959,86
105407,13958,88
105408,13958,88
105409,13958,94
105410,13956,103
105411,13955,106
105413,13956,104
105414,13956,104
105415,13958,104
105416,13957,108
105417,13957,109
105421,13957,104
105422,13956,107
105423,13957,106
105424,13956,106
105427,13957,108
105428,13956,108
105430,13957,110
105431,13956,109
105436,13958,108
105437,13955,111
105438,13955,111
105440,13955,110
105441,13953,109
105442,13953,108
105444,13953,110
105445,13955,111
105449,13954,108
105450,13954,115
105451,13952,114
105453,13952,114
105457,13952,107
105458,13952,107
105500,13954,107
105502,13954,104
105503,13953,114
105504,13952,118
105505,13951,123
105506,13949,129
105507,13950,133
105508,13951,133
105509,13952,133
105510,13952,132
105513,13951,128
105514,13950,127
105515,13950,133
105516,13949,135
105517,13949,138
105519,13949,136
105520,13948,146
105521,13947,148
105522,13947,152
105523,13947,151
105524,13947,154
105525,13948,156
105526,13948,155
105528,13950,166
105529,13951,184
105530,13950,183
105531,13951,183
105536,13952,174
105537,13952,173
105538,13953,172
105540,13954,169
105542,13955,166
105543,13954,170
105544,13953,168
105547,13956,163
105548,13955,164
105549,13955,163
105550,13956,161
105556,13957,150
105557,13958,151
105559,13958,148
105602,13958,144
105603,13959,142
105604,13960,141
105605,13959,139
105607,13960,136
105608,13960,135
105609,13960,143
105610,13963,142
105611,13963,141
105613,13962,139
105615,13964,136
105617,13964,137
105619,13964,142
105620,13962,143
105621,13962,143
105624,13962,138
105626,13962,135
105628,13962,134
105632,13961,134
105634,13960,131
105638,13961,123
105639,13960,123
105640,13960,124
105642,13961,123
105647,13962,117
105651,13963,111
105658,13961,98
105702,13963,92
105704,13963,89
105709,13962,81
105710,13964,82
105711,13964,81
105712,13965,91
105713,13966,91
105715,13967,88
105716,13966,87
105717,13967,87
105720,13967,82
105723,13967,79
105725,13967,79
105731,13965,90
105734,13964,89
105750,13965,69
105751,13964,69
105756,13964,64
105807,13965,54
105810,13965,56
105811,13965,57
105815,13965,56
105822,13967,49
105823,13968,51
105824,13967,51
105835,13968,43
105842,13966,38
105844,13966,38
105845,13967,40
105848,13967,39
105856,13966,39
105857,13968,42
105858,13969,43
105859,13970,45
105900,13969,47
105901,13971,49
105905,13970,51
105906,13969,52
105917,13969,45
105924,13970,61
105926,13972,61
105927,13970,61
105932,13971,58
105937,13971,61
105938,13972,62
105939,13972,63
105940,13973,63
105943,13973,62
105944,13972,63
105954,13971,56
105956,13973,55
105957,13974,56
105958,13973,56
110000,13972,55
110003,13971,54
110005,13972,55
110008,13971,55
110009,13970,80
110010,13967,91
110011,13966,93
110012,13967,104
110013,13967,106
110014,13968,114
110015,13968,115
110017,13968,114
110019,13967,135
110021,13970,135
110022,13970,135
110023,13969,135
110024,13971,135
110031,13969,128
110035,13970,123
110037,13970,123
110040,13969,122
110046,13967,113
110103,13966,89
110112,13965,82
110113,13963,82
110114,13964,81
110117,13963,79
110119,13965,77
110125,13966,71
110130,13964,66
110147,13964,47
110148,13966,48
110150,13964,47
110151,13965,50
110154,13967,48
110156,13968,47
110158,13968,45
110204,13969,39
110206,13970,39
110209,13969,35
110211,13968,33
110217,13969,28
110224,13969,25
110225,13970,25
110228,13971,25
110232,13970,24
110236,13970,24
110241,13969,23
110244,13970,25
110249,13970,24
110257,13970,22
110300,13970,22
110304,13970,26
110307,13969,28
110309,13969,28
110320,13969,24
110343,13969,17
110353,13969,17
110354,13971,23
110357,13970,24
110406,13970,22
110412,13969,22
110413,13969,23
110414,13969,24
110422,13970,23
110423,13968,24
110437,13967,23
110438,13965,23
110444,13966,22
110446,13965,25
110453,13965,25
110457,13965,25
110459,13966,29
110501,13965,31
110503,13964,35
110506,13964,37
110508,13964,37
110509,13964,39
110514,13967,38
110519,13966,37
110520,13967,37
110521,13965,38
110522,13965,40
110523,13964,42
110526,13963,42
110528,13962,47
110529,13961,52
110530,13961,53
110531,13962,53
110533,13961,53
110534,13962,55
110541,13963,52
110545,13961,51
110547,13961,51
110551,13961,49
110555,13961,53
110556,13959,53
110557,13960,54
110600,13961,53
110603,13962,52
110606,13962,51
110608,13961,55
110610,13962,63
110611,13961,63
110619,13960,58
110621,13960,59
110623,13961,58
